ct_cd,ct_abbr,ct_name
1001,ALAU,Autauga County AL
1003,ALBA,Baldwin County AL
1005,ALBR,Barbour County AL
1007,ALBI,Bibb County AL
1009,ALBL,Blount County AL
1011,ALBU,Bullock County AL
1013,ALBT,Butler County AL
1015,ALCA,Calhoun County AL
1017,ALCH,Chambers County AL
1019,ALCE,Cherokee County AL
1021,ALCI,Chilton County AL
1023,ALCO,Choctaw County AL
1025,ALCL,Clarke County AL
1027,ALCY,Clay County AL
1029,ALCB,Cleburne County AL
1031,ALCF,Coffee County AL
1033,ALCR,Colbert County AL
1035,ALCN,Conecuh County AL
1037,ALCS,Coosa County AL
1039,ALCV,Covington County AL
1041,ALCW,Crenshaw County AL
1043,ALCU,Cullman County AL
1045,ALDA,Dale County AL
1047,ALDL,Dallas County AL
1049,ALDE,De Kalb County AL
1051,ALEL,Elmore County AL
1053,ALES,Escambia County AL
1055,ALET,Etowah County AL
1057,ALFA,Fayette County AL
1059,ALFR,Franklin County AL
1061,ALGE,Geneva County AL
1063,ALGR,Greene County AL
1065,ALHA,Hale County AL
1067,ALHE,Henry County AL
1069,ALHO,Houston County AL
1071,ALJA,Jackson County AL
1073,ALJE,Jefferson County AL
1075,ALLA,Lamar County AL
1077,ALLU,Lauderdale County AL
1079,ALLW,Lawrence County AL
1081,ALLE,Lee County AL
1083,ALLI,Limestone County AL
1085,ALLO,Lowndes County AL
1087,ALMA,Macon County AL
1089,ALMD,Madison County AL
1091,ALMR,Marengo County AL
1093,ALMI,Marion County AL
1095,ALMS,Marshall County AL
1097,ALMO,Mobile County AL
1099,ALMN,Monroe County AL
1101,ALMT,Montgomery County AL
1103,ALMG,Morgan County AL
1105,ALPE,Perry County AL
1107,ALPI,Pickens County AL
1109,ALPK,Pike County AL
1111,ALRA,Randolph County AL
1113,ALRU,Russell County AL
1115,ALST,St. Clair County AL
1117,ALSH,Shelby County AL
1119,ALSU,Sumter County AL
1121,ALTA,Talladega County AL
1123,ALTL,Tallapoosa County AL
1125,ALTU,Tuscaloosa County AL
1127,ALWA,Walker County AL
1129,ALWS,Washington County AL
1131,ALWI,Wilcox County AL
1133,ALWN,Winston County AL
2013,AKEB,Aleutians East Borough County AK
2016,AKWC,Aleutians West Census Area County AK
2020,AKAN,Anchorage Borough County AK
2050,AKBE,Bethel Census Area County AK
2060,AKBR,Bristol Bay Borough County AK
2063,AKCH,Chugach Census Area AK
2066,AKCO,Copper River Census Area AK
2068,AKDE,DeNali Borough County AK
2070,AKDI,Dillingham Census Area County AK
2090,AKFA,Fairbanks North Star Borough County AK
2100,AKHA,Haines Borough County AK
2105,AKHO,Hoonah-Angoon County AK
2110,AKJU,Juneau Borough County AK
2122,AKKE,Kenai Peninsula Borough County AK
2130,AKKT,Ketchikan Gateway Borough County AK
2150,AKKO,Kodiak Island Borough County AK
2158,AKKU,Kusilvak Census Area County AK
2164,AKLA,Lake and Peninsula Borough County AK
2170,AKMA,Matanuska-Susitna Borough County AK
2180,AKNO,Nome Census Area County AK
2185,AKNR,North Slope Borough County AK
2188,AKNT,Northwest Arctic Borough County AK
2195,AKPE,Petersburg County AK
2198,AKPW,Prince of Wales-Hyder County AK
2201,AKPR,Prince of Wales-Outer Ketchikan County AK
2220,AKSI,Sitka Borough County AK
2230,AKSG,Skagway County AK
2232,AKSK,Skagway-Hoonah-Angoon County AK
2240,AKSE,S.E. Fairbanks Census Area County AK
2261,AKVA,Valdez-Cordova Census Area County AK
2270,AKWA,Wade Hampton Census Area County AK
2275,AKWG,Wrangell County AK
2280,AKWR,Wrangell-Petersburg County AK
2282,AKYK,Yakutat Borough County AK
2290,AKYU,Yukon-Koyukuk Census Area County AK
4001,AZAP,Apache County AZ
4003,AZCO,Cochise County AZ
4005,AZCC,Coconino County AZ
4007,AZGI,Gila County AZ
4009,AZGR,Graham County AZ
4011,AZGE,Greenlee County AZ
4012,AZLA,La Paz County AZ
4013,AZMA,Maricopa County AZ
4015,AZMO,Mohave County AZ
4017,AZNA,Navajo County AZ
4019,AZPI,Pima County AZ
4021,AZPN,Pinal County AZ
4023,AZSA,Santa Cruz County AZ
4025,AZYA,Yavapai County AZ
4027,AZYU,Yuma County AZ
5001,ARAR,Arkansas County AR
5003,ARAS,Ashley County AR
5005,ARBA,Baxter County AR
5007,ARBE,Benton County AR
5009,ARBO,Boone County AR
5011,ARBR,Bradley County AR
5013,ARCA,Calhoun County AR
5015,ARCR,Carroll County AR
5017,ARCH,Chicot County AR
5019,ARCL,Clark County AR
5021,ARCY,Clay County AR
5023,ARCE,Cleburne County AR
5025,ARCV,Cleveland County AR
5027,ARCO,Columbia County AR
5029,ARCN,Conway County AR
5031,ARCI,Craighead County AR
5033,ARCW,Crawford County AR
5035,ARCT,Crittenden County AR
5037,ARCS,Cross County AR
5039,ARDA,Dallas County AR
5041,ARDE,Desha County AR
5043,ARDR,Drew County AR
5045,ARFA,Faulkner County AR
5047,ARFR,Franklin County AR
5049,ARFU,Fulton County AR
5051,ARGA,Garland County AR
5053,ARGR,Grant County AR
5055,ARGE,Greene County AR
5057,ARHE,Hempstead County AR
5059,ARHO,Hot Spring County AR
5061,ARHW,Howard County AR
5063,ARIN,Independence County AR
5065,ARIZ,Izard County AR
5067,ARJA,Jackson County AR
5069,ARJE,Jefferson County AR
5071,ARJO,Johnson County AR
5073,ARLA,Lafayette County AR
5075,ARLW,Lawrence County AR
5077,ARLE,Lee County AR
5079,ARLI,Lincoln County AR
5081,ARLT,Little River County AR
5083,ARLO,Logan County AR
5085,ARLN,Lonoke County AR
5087,ARMA,Madison County AR
5089,ARMR,Marion County AR
5091,ARMI,Miller County AR
5093,ARMS,Mississippi County AR
5095,ARMO,Monroe County AR
5097,ARMN,Montgomery County AR
5099,ARNE,Nevada County AR
5101,ARNW,Newton County AR
5103,AROU,Ouachita County AR
5105,ARPE,Perry County AR
5107,ARPH,Phillips County AR
5109,ARPI,Pike County AR
5111,ARPO,Poinsett County AR
5113,ARPL,Polk County AR
5115,ARPP,Pope County AR
5117,ARPR,Prairie County AR
5119,ARPU,Pulaski County AR
5121,ARRA,Randolph County AR
5123,ARST,St. Francis County AR
5125,ARSA,Saline County AR
5127,ARSC,Scott County AR
5129,ARSE,Searcy County AR
5131,ARSB,Sebastian County AR
5133,ARSV,Sevier County AR
5135,ARSH,Sharp County AR
5137,ARSO,Stone County AR
5139,ARUN,Union County AR
5141,ARVA,Van Buren County AR
5143,ARWA,Washington County AR
5145,ARWH,White County AR
5147,ARWO,Woodruff County AR
5149,ARYE,Yell County AR
6001,CAAL,Alameda County CA
6003,CAAP,Alpine County CA
6005,CAAM,Amador County CA
6007,CABU,Butte County CA
6009,CACA,Calaveras County CA
6011,CACO,Colusa County CA
6013,CACN,Contra Costa County CA
6015,CADE,Del Norte County CA
6017,CAEL,El Dorado County CA
6019,CAFR,Fresno County CA
6021,CAGL,Glenn County CA
6023,CAHU,Humboldt County CA
6025,CAIM,Imperial County CA
6027,CAIN,Inyo County CA
6029,CAKE,Kern County CA
6031,CAKI,Kings County CA
6033,CALA,Lake County CA
6035,CALS,Lassen County CA
6037,CALO,Los Angeles County CA
6039,CAMA,Madera County CA
6041,CAMR,Marin County CA
6043,CAMI,Mariposa County CA
6045,CAME,Mendocino County CA
6047,CAMC,Merced County CA
6049,CAMO,Modoc County CA
6051,CAMN,Mono County CA
6053,CAMT,Monterey County CA
6055,CANA,Napa County CA
6057,CANE,Nevada County CA
6059,CAOR,Orange County CA
6061,CAPL,Placer County CA
6063,CAPU,Plumas County CA
6065,CARI,Riverside County CA
6067,CASA,Sacramento County CA
6069,CASN,San Benito County CA
6071,CASB,San Bernardino County CA
6073,CASD,San Diego County CA
6075,CASF,San Francisco County CA
6077,CASJ,San Joaquin County CA
6079,CASL,San Luis Obispo County CA
6081,CASM,San Mateo County CA
6083,CAST,Santa Barbara County CA
6085,CASC,Santa Clara County CA
6087,CASR,Santa Cruz County CA
6089,CASH,Shasta County CA
6091,CASI,Sierra County CA
6093,CASS,Siskiyou County CA
6095,CASO,Solano County CA
6097,CASU,Sonoma County CA
6099,CASY,Stanislaus County CA
6101,CASE,Sutter County CA
6103,CATE,Tehama County CA
6105,CATR,Trinity County CA
6107,CATU,Tulare County CA
6109,CATO,Tuolumne County CA
6111,CAVE,Ventura County CA
6113,CAYO,Yolo County CA
6115,CAYU,Yuba County CA
8001,COAD,Adams County CO
8003,COAL,Alamosa County CO
8005,COAR,Arapahoe County CO
8007,COAC,Archuleta County CO
8009,COBA,Baca County CO
8011,COBE,Bent County CO
8013,COBO,Boulder County CO
8014,COBM,Broomfield County CO
8015,COCH,Chaffee County CO
8017,COCE,Cheyenne County CO
8019,COCL,Clear Creek County CO
8021,COCO,Conejos County CO
8023,COCS,Costilla County CO
8025,COCR,Crowley County CO
8027,COCU,Custer County CO
8029,CODE,Delta County CO
8031,CODN,Denver County CO
8033,CODO,Dolores County CO
8035,CODU,Douglas County CO
8037,COEA,Eagle County CO
8039,COEL,Elbert County CO
8041,COEP,El Paso County CO
8043,COFR,Fremont County CO
8045,COGA,Garfield County CO
8047,COGI,Gilpin County CO
8049,COGR,Grand County CO
8051,COGU,Gunnison County CO
8053,COHI,Hinsdale County CO
8055,COHU,Huerfano County CO
8057,COJA,Jackson County CO
8059,COJE,Jefferson County CO
8061,COKI,Kiowa County CO
8063,COKT,Kit Carson County CO
8065,COLA,Lake County CO
8067,COLP,La Plata County CO
8069,COLR,Larimer County CO
8071,COLS,Las Animas County CO
8073,COLI,Lincoln County CO
8075,COLO,Logan County CO
8077,COME,Mesa County CO
8079,COMI,Mineral County CO
8081,COMO,Moffat County CO
8083,COMN,Montezuma County CO
8085,COMT,Montrose County CO
8087,COMR,Morgan County CO
8089,COOT,Otero County CO
8091,COOU,Ouray County CO
8093,COPA,Park County CO
8095,COPH,Phillips County CO
8097,COPI,Pitkin County CO
8099,COPR,Prowers County CO
8101,COPU,Pueblo County CO
8103,CORI,Rio Blanco County CO
8105,CORO,Rio Grande County CO
8107,CORU,Routt County CO
8109,COSA,Saguache County CO
8111,COSN,San Juan County CO
8113,COSM,San Miguel County CO
8115,COSE,Sedgwick County CO
8117,COSU,Summit County CO
8119,COTE,Teller County CO
8121,COWA,Washington County CO
8123,COWE,Weld County CO
8125,COYU,Yuma County CO
9001,CTFA,Fairfield County CT
9003,CTHA,Hartford County CT
9005,CTLI,Litchfield County CT
9007,CTMI,Middlesex County CT
9009,CTNE,New Haven County CT
9011,CTNW,New London County CT
9013,CTTO,Tolland County CT
9015,CTWI,Windham County CT
10001,DEKE,Kent County DE
10003,DENE,New Castle County DE
10005,DESU,Sussex County DE
11001,DCDI,District of Columbia County DC
12001,FLAL,Alachua County FL
12003,FLBA,Baker County FL
12005,FLBY,Bay County FL
12007,FLBR,Bradford County FL
12009,FLBE,Brevard County FL
12011,FLBO,Broward County FL
12013,FLCA,Calhoun County FL
12015,FLCH,Charlotte County FL
12017,FLCI,Citrus County FL
12019,FLCL,Clay County FL
12021,FLCO,Collier County FL
12023,FLCU,Columbia County FL
12027,FLDE,De Soto County FL
12029,FLDI,Dixie County FL
12031,FLDU,Duval County FL
12033,FLES,Escambia County FL
12035,FLFL,Flagler County FL
12037,FLFR,Franklin County FL
12039,FLGA,Gadsden County FL
12041,FLGI,Gilchrist County FL
12043,FLGL,Glades County FL
12045,FLGU,Gulf County FL
12047,FLHA,Hamilton County FL
12049,FLHR,Hardee County FL
12051,FLHE,Hendry County FL
12053,FLHN,Hernando County FL
12055,FLHI,Highlands County FL
12057,FLHL,Hillsborough County FL
12059,FLHO,Holmes County FL
12061,FLIN,Indian River County FL
12063,FLJA,Jackson County FL
12065,FLJE,Jefferson County FL
12067,FLLA,Lafayette County FL
12069,FLLK,Lake County FL
12071,FLLE,Lee County FL
12073,FLLO,Leon County FL
12075,FLLV,Levy County FL
12077,FLLI,Liberty County FL
12079,FLMA,Madison County FL
12081,FLMN,Manatee County FL
12083,FLMR,Marion County FL
12085,FLMT,Martin County FL
12086,FLDA,Miami-Dade County FL
12087,FLMO,Monroe County FL
12089,FLNA,Nassau County FL
12091,FLOK,Okaloosa County FL
12093,FLOE,Okeechobee County FL
12095,FLOR,Orange County FL
12097,FLOS,Osceola County FL
12099,FLPA,Palm Beach County FL
12101,FLPS,Pasco County FL
12103,FLPI,Pinellas County FL
12105,FLPO,Polk County FL
12107,FLPU,Putnam County FL
12109,FLST,St. Johns County FL
12111,FLSL,St. Lucie County FL
12113,FLSA,Santa Rosa County FL
12115,FLSR,Sarasota County FL
12117,FLSE,Seminole County FL
12119,FLSU,Sumter County FL
12121,FLSW,Suwannee County FL
12123,FLTA,Taylor County FL
12125,FLUN,Union County FL
12127,FLVO,Volusia County FL
12129,FLWA,Wakulla County FL
12131,FLWL,Walton County FL
12133,FLWS,Washington County FL
13001,GAAP,Appling County GA
13003,GAAT,Atkinson County GA
13005,GABA,Bacon County GA
13007,GABK,Baker County GA
13009,GABL,Baldwin County GA
13011,GABN,Banks County GA
13013,GABR,Barrow County GA
13015,GABT,Bartow County GA
13017,GABE,Ben Hill County GA
13019,GABI,Berrien County GA
13021,GABB,Bibb County GA
13023,GABC,Bleckley County GA
13025,GABY,Brantley County GA
13027,GABO,Brooks County GA
13029,GABU,Bryan County GA
13031,GABH,Bulloch County GA
13033,GABG,Burke County GA
13035,GABS,Butts County GA
13037,GACA,Calhoun County GA
13039,GACM,Camden County GA
13043,GACN,Candler County GA
13045,GACR,Carroll County GA
13047,GACT,Catoosa County GA
13049,GACH,Charlton County GA
13051,GACC,Chatham County GA
13053,GACO,Chattahoochee County GA
13055,GACG,Chattooga County GA
13057,GACE,Cherokee County GA
13059,GACL,Clarke County GA
13061,GACY,Clay County GA
13063,GACU,Clayton County GA
13065,GACI,Clinch County GA
13067,GACB,Cobb County GA
13069,GACF,Coffee County GA
13071,GACQ,Colquitt County GA
13073,GACX,Columbia County GA
13075,GACK,Cook County GA
13077,GACW,Coweta County GA
13079,GACD,Crawford County GA
13081,GACS,Crisp County GA
13083,GADA,Dade County GA
13085,GADW,Dawson County GA
13087,GADE,Decatur County GA
13089,GADK,De Kalb County GA
13091,GADO,Dodge County GA
13093,GADL,Dooly County GA
13095,GADU,Dougherty County GA
13097,GADG,Douglas County GA
13099,GAEA,Early County GA
13101,GAEC,Echols County GA
13103,GAEF,Effingham County GA
13105,GAEL,Elbert County GA
13107,GAEM,Emanuel County GA
13109,GAEV,Evans County GA
13111,GAFA,Fannin County GA
13113,GAFY,Fayette County GA
13115,GAFL,Floyd County GA
13117,GAFO,Forsyth County GA
13119,GAFR,Franklin County GA
13121,GAFU,Fulton County GA
13123,GAGI,Gilmer County GA
13125,GAGL,Glascock County GA
13127,GAGY,Glynn County GA
13129,GAGO,Gordon County GA
13131,GAGR,Grady County GA
13133,GAGE,Greene County GA
13135,GAGW,Gwinnett County GA
13137,GAHA,Habersham County GA
13139,GAHL,Hall County GA
13141,GAHN,Hancock County GA
13143,GAHR,Haralson County GA
13145,GAHI,Harris County GA
13147,GAHT,Hart County GA
13149,GAHE,Heard County GA
13151,GAHY,Henry County GA
13153,GAHO,Houston County GA
13155,GAIR,Irwin County GA
13157,GAJA,Jackson County GA
13159,GAJS,Jasper County GA
13161,GAJE,Jeff Davis County GA
13163,GAJF,Jefferson County GA
13165,GAJN,Jenkins County GA
13167,GAJO,Johnson County GA
13169,GAJC,Jones County GA
13171,GALA,Lamar County GA
13173,GALN,Lanier County GA
13175,GALU,Laurens County GA
13177,GALE,Lee County GA
13179,GALI,Liberty County GA
13181,GALC,Lincoln County GA
13183,GALO,Long County GA
13185,GALW,Lowndes County GA
13187,GALM,Lumpkin County GA
13189,GAMC,McDuffie County GA
13191,GAMI,McIntosh County GA
13193,GAMA,Macon County GA
13195,GAMD,Madison County GA
13197,GAMR,Marion County GA
13199,GAME,Meriwether County GA
13201,GAML,Miller County GA
13205,GAMT,Mitchell County GA
13207,GAMO,Monroe County GA
13209,GAMN,Montgomery County GA
13211,GAMG,Morgan County GA
13213,GAMU,Murray County GA
13215,GAMS,Muscogee County GA
13217,GANE,Newton County GA
13219,GAOC,Oconee County GA
13221,GAOG,Oglethorpe County GA
13223,GAPA,Paulding County GA
13225,GAPE,Peach County GA
13227,GAPI,Pickens County GA
13229,GAPR,Pierce County GA
13231,GAPK,Pike County GA
13233,GAPO,Polk County GA
13235,GAPU,Pulaski County GA
13237,GAPT,Putnam County GA
13239,GAQU,Quitman County GA
13241,GARA,Rabun County GA
13243,GARN,Randolph County GA
13245,GARI,Richmond County GA
13247,GARO,Rockdale County GA
13249,GASC,Schley County GA
13251,GASR,Screven County GA
13253,GASE,Seminole County GA
13255,GASP,Spalding County GA
13257,GAST,Stephens County GA
13259,GASW,Stewart County GA
13261,GASU,Sumter County GA
13263,GATA,Talbot County GA
13265,GATL,Taliaferro County GA
13267,GATT,Tattnall County GA
13269,GATY,Taylor County GA
13271,GATE,Telfair County GA
13273,GATR,Terrell County GA
13275,GATH,Thomas County GA
13277,GATI,Tift County GA
13279,GATO,Toombs County GA
13281,GATW,Towns County GA
13283,GATU,Treutlen County GA
13285,GATP,Troup County GA
13287,GATN,Turner County GA
13289,GATG,Twiggs County GA
13291,GAUN,Union County GA
13293,GAUP,Upson County GA
13295,GAWA,Walker County GA
13297,GAWL,Walton County GA
13299,GAWR,Ware County GA
13301,GAWE,Warren County GA
13303,GAWS,Washington County GA
13305,GAWY,Wayne County GA
13307,GAWB,Webster County GA
13309,GAWH,Wheeler County GA
13311,GAWI,White County GA
13313,GAWT,Whitfield County GA
13315,GAWC,Wilcox County GA
13317,GAWK,Wilkes County GA
13319,GAWN,Wilkinson County GA
13321,GAWO,Worth County GA
15001,HIHA,Hawaii County HI
15003,HIHO,Honolulu County HI
15005,HIKL,Kalawao County HI
15007,HIKA,Kauai County HI
15009,HIMU,Maui County HI
15901,HIMA,"Maui + Kalawao County, HI"
16001,IDAD,Ada County ID
16003,IDAA,Adams County ID
16005,IDBA,Bannock County ID
16007,IDBE,Bear Lake County ID
16009,IDBN,Benewah County ID
16011,IDBI,Bingham County ID
16013,IDBL,Blaine County ID
16015,IDBO,Boise County ID
16017,IDBR,Bonner County ID
16019,IDBV,Bonneville County ID
16021,IDBU,Boundary County ID
16023,IDBT,Butte County ID
16025,IDCA,Camas County ID
16027,IDCN,Canyon County ID
16029,IDCR,Caribou County ID
16031,IDCS,Cassia County ID
16033,IDCL,Clark County ID
16035,IDCE,Clearwater County ID
16037,IDCU,Custer County ID
16039,IDEL,Elmore County ID
16041,IDFR,Franklin County ID
16043,IDFE,Fremont County ID
16045,IDGE,Gem County ID
16047,IDGO,Gooding County ID
16049,IDID,Idaho County ID
16051,IDJE,Jefferson County ID
16053,IDJR,Jerome County ID
16055,IDKO,Kootenai County ID
16057,IDLA,Latah County ID
16059,IDLE,Lemhi County ID
16061,IDLW,Lewis County ID
16063,IDLI,Lincoln County ID
16065,IDMA,Madison County ID
16067,IDMI,Minidoka County ID
16069,IDNE,Nez Perce County ID
16071,IDON,Oneida County ID
16073,IDOW,Owyhee County ID
16075,IDPA,Payette County ID
16077,IDPO,Power County ID
16079,IDSH,Shoshone County ID
16081,IDTE,Teton County ID
16083,IDTW,Twin Falls County ID
16085,IDVA,Valley County ID
16087,IDWA,Washington County ID
17001,ILAD,Adams County IL
17003,ILAL,Alexander County IL
17005,ILBO,Bond County IL
17007,ILBN,Boone County IL
17009,ILBR,Brown County IL
17011,ILBU,Bureau County IL
17013,ILCA,Calhoun County IL
17015,ILCR,Carroll County IL
17017,ILCS,Cass County IL
17019,ILCH,Champaign County IL
17021,ILCI,Christian County IL
17023,ILCL,Clark County IL
17025,ILCY,Clay County IL
17027,ILCN,Clinton County IL
17029,ILCO,Coles County IL
17031,ILCK,Cook County IL
17033,ILCW,Crawford County IL
17035,ILCU,Cumberland County IL
17037,ILDE,De Kalb County IL
17039,ILDW,De Witt County IL
17041,ILDO,Douglas County IL
17043,ILDU,Du Page County IL
17045,ILED,Edgar County IL
17047,ILEW,Edwards County IL
17049,ILEF,Effingham County IL
17051,ILFA,Fayette County IL
17053,ILFO,Ford County IL
17055,ILFR,Franklin County IL
17057,ILFU,Fulton County IL
17059,ILGA,Gallatin County IL
17061,ILGR,Greene County IL
17063,ILGU,Grundy County IL
17065,ILHA,Hamilton County IL
17067,ILHN,Hancock County IL
17069,ILHR,Hardin County IL
17071,ILHE,Henderson County IL
17073,ILHY,Henry County IL
17075,ILIR,Iroquois County IL
17077,ILJA,Jackson County IL
17079,ILJS,Jasper County IL
17081,ILJE,Jefferson County IL
17083,ILJR,Jersey County IL
17085,ILJO,Jo Daviess County IL
17087,ILJH,Johnson County IL
17089,ILKA,Kane County IL
17091,ILKN,Kankakee County IL
17093,ILKE,Kendall County IL
17095,ILKO,Knox County IL
17097,ILLA,Lake County IL
17099,ILLS,La Salle County IL
17101,ILLW,Lawrence County IL
17103,ILLE,Lee County IL
17105,ILLI,Livingston County IL
17107,ILLO,Logan County IL
17109,ILMC,McDonough County IL
17111,ILMH,McHenry County IL
17113,ILML,McLean County IL
17115,ILMA,Macon County IL
17117,ILMO,Macoupin County IL
17119,ILMD,Madison County IL
17121,ILMR,Marion County IL
17123,ILMS,Marshall County IL
17125,ILMN,Mason County IL
17127,ILMU,Massac County IL
17129,ILME,Menard County IL
17131,ILMT,Mercer County IL
17133,ILMY,Monroe County IL
17135,ILMG,Montgomery County IL
17137,ILMI,Morgan County IL
17139,ILMX,Moultrie County IL
17141,ILOG,Ogle County IL
17143,ILPE,Peoria County IL
17145,ILPR,Perry County IL
17147,ILPI,Piatt County IL
17149,ILPK,Pike County IL
17151,ILPO,Pope County IL
17153,ILPU,Pulaski County IL
17155,ILPT,Putnam County IL
17157,ILRA,Randolph County IL
17159,ILRI,Richland County IL
17161,ILRO,Rock Island County IL
17163,ILST,St. Clair County IL
17165,ILSA,Saline County IL
17167,ILSN,Sangamon County IL
17169,ILSC,Schuyler County IL
17171,ILSO,Scott County IL
17173,ILSH,Shelby County IL
17175,ILSR,Stark County IL
17177,ILSE,Stephenson County IL
17179,ILTA,Tazewell County IL
17181,ILUN,Union County IL
17183,ILVE,Vermilion County IL
17185,ILWA,Wabash County IL
17187,ILWR,Warren County IL
17189,ILWS,Washington County IL
17191,ILWY,Wayne County IL
17193,ILWH,White County IL
17195,ILWI,Whiteside County IL
17197,ILWL,Will County IL
17199,ILWM,Williamson County IL
17201,ILWN,Winnebago County IL
17203,ILWO,Woodford County IL
18001,INAD,Adams County IN
18003,INAL,Allen County IN
18005,INBA,Bartholomew County IN
18007,INBE,Benton County IN
18009,INBL,Blackford County IN
18011,INBO,Boone County IN
18013,INBR,Brown County IN
18015,INCA,Carroll County IN
18017,INCS,Cass County IN
18019,INCL,Clark County IN
18021,INCY,Clay County IN
18023,INCI,Clinton County IN
18025,INCR,Crawford County IN
18027,INDA,Daviess County IN
18029,INDE,Dearborn County IN
18031,INDC,Decatur County IN
18033,INDK,De Kalb County IN
18035,INDL,Delaware County IN
18037,INDU,Dubois County IN
18039,INEL,Elkhart County IN
18041,INFA,Fayette County IN
18043,INFL,Floyd County IN
18045,INFO,Fountain County IN
18047,INFR,Franklin County IN
18049,INFU,Fulton County IN
18051,INGI,Gibson County IN
18053,INGR,Grant County IN
18055,INGE,Greene County IN
18057,INHA,Hamilton County IN
18059,INHN,Hancock County IN
18061,INHR,Harrison County IN
18063,INHE,Hendricks County IN
18065,INHY,Henry County IN
18067,INHO,Howard County IN
18069,INHU,Huntington County IN
18071,INJA,Jackson County IN
18073,INJS,Jasper County IN
18075,INJY,Jay County IN
18077,INJE,Jefferson County IN
18079,INJN,Jennings County IN
18081,INJO,Johnson County IN
18083,INKN,Knox County IN
18085,INKO,Kosciusko County IN
18087,INLA,Lagrange County IN
18089,INLK,Lake County IN
18091,INLP,La Porte County IN
18093,INLW,Lawrence County IN
18095,INMA,Madison County IN
18097,INMR,Marion County IN
18099,INMS,Marshall County IN
18101,INMT,Martin County IN
18103,INMI,Miami County IN
18105,INMO,Monroe County IN
18107,INMN,Montgomery County IN
18109,INMG,Morgan County IN
18111,INNE,Newton County IN
18113,INNO,Noble County IN
18115,INOH,Ohio County IN
18117,INOR,Orange County IN
18119,INOW,Owen County IN
18121,INPA,Parke County IN
18123,INPE,Perry County IN
18125,INPI,Pike County IN
18127,INPO,Porter County IN
18129,INPS,Posey County IN
18131,INPU,Pulaski County IN
18133,INPT,Putnam County IN
18135,INRA,Randolph County IN
18137,INRI,Ripley County IN
18139,INRU,Rush County IN
18141,INST,St. Joseph County IN
18143,INSC,Scott County IN
18145,INSH,Shelby County IN
18147,INSP,Spencer County IN
18149,INSA,Starke County IN
18151,INSE,Steuben County IN
18153,INSU,Sullivan County IN
18155,INSW,Switzerland County IN
18157,INTI,Tippecanoe County IN
18159,INTP,Tipton County IN
18161,INUN,Union County IN
18163,INVA,Vanderburgh County IN
18165,INVE,Vermillion County IN
18167,INVI,Vigo County IN
18169,INWA,Wabash County IN
18171,INWR,Warren County IN
18173,INWI,Warrick County IN
18175,INWS,Washington County IN
18177,INWY,Wayne County IN
18179,INWE,Wells County IN
18181,INWH,White County IN
18183,INWT,Whitley County IN
19001,IAAD,Adair County IA
19003,IAAA,Adams County IA
19005,IAAL,Allamakee County IA
19007,IAAP,Appanoose County IA
19009,IAAU,Audubon County IA
19011,IABE,Benton County IA
19013,IABL,Black Hawk County IA
19015,IABO,Boone County IA
19017,IABR,Bremer County IA
19019,IABU,Buchanan County IA
19021,IABN,Buena Vista County IA
19023,IABT,Butler County IA
19025,IACA,Calhoun County IA
19027,IACR,Carroll County IA
19029,IACS,Cass County IA
19031,IACE,Cedar County IA
19033,IACO,Cerro Gordo County IA
19035,IACH,Cherokee County IA
19037,IACI,Chickasaw County IA
19039,IACL,Clarke County IA
19041,IACY,Clay County IA
19043,IACT,Clayton County IA
19045,IACN,Clinton County IA
19047,IACW,Crawford County IA
19049,IADA,Dallas County IA
19051,IADV,Davis County IA
19053,IADE,Decatur County IA
19055,IADL,Delaware County IA
19057,IADS,Des Moines County IA
19059,IADI,Dickinson County IA
19061,IADU,Dubuque County IA
19063,IAEM,Emmet County IA
19065,IAFA,Fayette County IA
19067,IAFL,Floyd County IA
19069,IAFR,Franklin County IA
19071,IAFE,Fremont County IA
19073,IAGR,Greene County IA
19075,IAGU,Grundy County IA
19077,IAGT,Guthrie County IA
19079,IAHA,Hamilton County IA
19081,IAHN,Hancock County IA
19083,IAHR,Hardin County IA
19085,IAHI,Harrison County IA
19087,IAHE,Henry County IA
19089,IAHO,Howard County IA
19091,IAHU,Humboldt County IA
19093,IAID,Ida County IA
19095,IAIO,Iowa County IA
19097,IAJA,Jackson County IA
19099,IAJS,Jasper County IA
19101,IAJE,Jefferson County IA
19103,IAJO,Johnson County IA
19105,IAJN,Jones County IA
19107,IAKE,Keokuk County IA
19109,IAKO,Kossuth County IA
19111,IALE,Lee County IA
19113,IALI,Linn County IA
19115,IALO,Louisa County IA
19117,IALU,Lucas County IA
19119,IALY,Lyon County IA
19121,IAMA,Madison County IA
19123,IAMH,Mahaska County IA
19125,IAMR,Marion County IA
19127,IAMS,Marshall County IA
19129,IAMI,Mills County IA
19131,IAMT,Mitchell County IA
19133,IAMO,Monona County IA
19135,IAMN,Monroe County IA
19137,IAMG,Montgomery County IA
19139,IAMU,Muscatine County IA
19141,IAOB,O'Brien County IA
19143,IAOS,Osceola County IA
19145,IAPA,Page County IA
19147,IAPL,Palo Alto County IA
19149,IAPY,Plymouth County IA
19151,IAPO,Pocahontas County IA
19153,IAPK,Polk County IA
19155,IAPT,Pottawattamie County IA
19157,IAPW,Poweshiek County IA
19159,IARI,Ringgold County IA
19161,IASA,Sac County IA
19163,IASC,Scott County IA
19165,IASH,Shelby County IA
19167,IASI,Sioux County IA
19169,IAST,Story County IA
19171,IATA,Tama County IA
19173,IATY,Taylor County IA
19175,IAUN,Union County IA
19177,IAVA,Van Buren County IA
19179,IAWA,Wapello County IA
19181,IAWR,Warren County IA
19183,IAWS,Washington County IA
19185,IAWY,Wayne County IA
19187,IAWE,Webster County IA
19189,IAWI,Winnebago County IA
19191,IAWN,Winneshiek County IA
19193,IAWO,Woodbury County IA
19195,IAWT,Worth County IA
19197,IAWG,Wright County IA
20001,KSAL,Allen County KS
20003,KSAN,Anderson County KS
20005,KSAT,Atchison County KS
20007,KSBA,Barber County KS
20009,KSBR,Barton County KS
20011,KSBO,Bourbon County KS
20013,KSBW,Brown County KS
20015,KSBU,Butler County KS
20017,KSCH,Chase County KS
20019,KSCA,Chautauqua County KS
20021,KSCE,Cherokee County KS
20023,KSCY,Cheyenne County KS
20025,KSCL,Clark County KS
20027,KSCC,Clay County KS
20029,KSCO,Cloud County KS
20031,KSCF,Coffey County KS
20033,KSCM,Comanche County KS
20035,KSCW,Cowley County KS
20037,KSCR,Crawford County KS
20039,KSDE,Decatur County KS
20041,KSDI,Dickinson County KS
20043,KSDO,Doniphan County KS
20045,KSDU,Douglas County KS
20047,KSED,Edwards County KS
20049,KSEL,Elk County KS
20051,KSEI,Ellis County KS
20053,KSES,Ellsworth County KS
20055,KSFI,Finney County KS
20057,KSFO,Ford County KS
20059,KSFR,Franklin County KS
20061,KSGE,Geary County KS
20063,KSGO,Gove County KS
20065,KSGR,Graham County KS
20067,KSGA,Grant County KS
20069,KSGY,Gray County KS
20071,KSGL,Greeley County KS
20073,KSGN,Greenwood County KS
20075,KSHA,Hamilton County KS
20077,KSHR,Harper County KS
20079,KSHV,Harvey County KS
20081,KSHS,Haskell County KS
20083,KSHO,Hodgeman County KS
20085,KSJA,Jackson County KS
20087,KSJE,Jefferson County KS
20089,KSJW,Jewell County KS
20091,KSJO,Johnson County KS
20093,KSKE,Kearny County KS
20095,KSKI,Kingman County KS
20097,KSKO,Kiowa County KS
20099,KSLA,Labette County KS
20101,KSLN,Lane County KS
20103,KSLE,Leavenworth County KS
20105,KSLI,Lincoln County KS
20107,KSLC,Linn County KS
20109,KSLO,Logan County KS
20111,KSLY,Lyon County KS
20113,KSMC,McPherson County KS
20115,KSMA,Marion County KS
20117,KSMR,Marshall County KS
20119,KSME,Meade County KS
20121,KSMI,Miami County KS
20123,KSMT,Mitchell County KS
20125,KSMO,Montgomery County KS
20127,KSMS,Morris County KS
20129,KSMN,Morton County KS
20131,KSNE,Nemaha County KS
20133,KSNO,Neosho County KS
20135,KSNS,Ness County KS
20137,KSNR,Norton County KS
20139,KSOS,Osage County KS
20141,KSOB,Osborne County KS
20143,KSOT,Ottawa County KS
20145,KSPA,Pawnee County KS
20147,KSPH,Phillips County KS
20149,KSPO,Pottawatomie County KS
20151,KSPR,Pratt County KS
20153,KSRA,Rawlins County KS
20155,KSRE,Reno County KS
20157,KSRP,Republic County KS
20159,KSRI,Rice County KS
20161,KSRL,Riley County KS
20163,KSRO,Rooks County KS
20165,KSRU,Rush County KS
20167,KSRS,Russell County KS
20169,KSSA,Saline County KS
20171,KSSC,Scott County KS
20173,KSSE,Sedgwick County KS
20175,KSSW,Seward County KS
20177,KSSH,Shawnee County KS
20179,KSSR,Sheridan County KS
20181,KSSM,Sherman County KS
20183,KSSI,Smith County KS
20185,KSST,Stafford County KS
20187,KSSN,Stanton County KS
20189,KSSV,Stevens County KS
20191,KSSU,Sumner County KS
20193,KSTH,Thomas County KS
20195,KSTR,Trego County KS
20197,KSWA,Wabaunsee County KS
20199,KSWL,Wallace County KS
20201,KSWS,Washington County KS
20203,KSWI,Wichita County KS
20205,KSWO,Wilson County KS
20207,KSWD,Woodson County KS
20209,KSWY,Wyandotte County KS
21001,KYAD,Adair County KY
21003,KYAL,Allen County KY
21005,KYAN,Anderson County KY
21007,KYBA,Ballard County KY
21009,KYBR,Barren County KY
21011,KYBT,Bath County KY
21013,KYBE,Bell County KY
21015,KYBO,Boone County KY
21017,KYBU,Bourbon County KY
21019,KYBY,Boyd County KY
21021,KYBL,Boyle County KY
21023,KYBC,Bracken County KY
21025,KYBH,Breathitt County KY
21027,KYBK,Breckinridge County KY
21029,KYBI,Bullitt County KY
21031,KYBN,Butler County KY
21033,KYCA,Caldwell County KY
21035,KYCL,Calloway County KY
21037,KYCM,Campbell County KY
21039,KYCR,Carlisle County KY
21041,KYCO,Carroll County KY
21043,KYCT,Carter County KY
21045,KYCS,Casey County KY
21047,KYCH,Christian County KY
21049,KYCK,Clark County KY
21051,KYCY,Clay County KY
21053,KYCI,Clinton County KY
21055,KYCE,Crittenden County KY
21057,KYCU,Cumberland County KY
21059,KYDA,Daviess County KY
21061,KYED,Edmonson County KY
21063,KYEL,Elliott County KY
21065,KYES,Estill County KY
21067,KYFA,Fayette County KY
21069,KYFL,Fleming County KY
21071,KYFO,Floyd County KY
21073,KYFR,Franklin County KY
21075,KYFU,Fulton County KY
21077,KYGA,Gallatin County KY
21079,KYGR,Garrard County KY
21081,KYGN,Grant County KY
21083,KYGV,Graves County KY
21085,KYGY,Grayson County KY
21087,KYGE,Green County KY
21089,KYGU,Greenup County KY
21091,KYHA,Hancock County KY
21093,KYHR,Hardin County KY
21095,KYHL,Harlan County KY
21097,KYHI,Harrison County KY
21099,KYHT,Hart County KY
21101,KYHE,Henderson County KY
21103,KYHN,Henry County KY
21105,KYHC,Hickman County KY
21107,KYHO,Hopkins County KY
21109,KYJA,Jackson County KY
21111,KYJE,Jefferson County KY
21113,KYJS,Jessamine County KY
21115,KYJO,Johnson County KY
21117,KYKE,Kenton County KY
21119,KYKN,Knott County KY
21121,KYKO,Knox County KY
21123,KYLA,Larue County KY
21125,KYLU,Laurel County KY
21127,KYLW,Lawrence County KY
21129,KYLE,Lee County KY
21131,KYLS,Leslie County KY
21133,KYLT,Letcher County KY
21135,KYLI,Lewis County KY
21137,KYLN,Lincoln County KY
21139,KYLV,Livingston County KY
21141,KYLO,Logan County KY
21143,KYLY,Lyon County KY
21145,KYMC,McCracken County KY
21147,KYMR,McCreary County KY
21149,KYML,McLean County KY
21151,KYMA,Madison County KY
21153,KYMG,Magoffin County KY
21155,KYMI,Marion County KY
21157,KYMS,Marshall County KY
21159,KYMT,Martin County KY
21161,KYMO,Mason County KY
21163,KYME,Meade County KY
21165,KYMN,Menifee County KY
21167,KYMU,Mercer County KY
21169,KYMF,Metcalfe County KY
21171,KYMY,Monroe County KY
21173,KYMM,Montgomery County KY
21175,KYMK,Morgan County KY
21177,KYMH,Muhlenberg County KY
21179,KYNE,Nelson County KY
21181,KYNI,Nicholas County KY
21183,KYOH,Ohio County KY
21185,KYOL,Oldham County KY
21187,KYOW,Owen County KY
21189,KYOS,Owsley County KY
21191,KYPE,Pendleton County KY
21193,KYPR,Perry County KY
21195,KYPI,Pike County KY
21197,KYPO,Powell County KY
21199,KYPU,Pulaski County KY
21201,KYRO,Robertson County KY
21203,KYRC,Rockcastle County KY
21205,KYRW,Rowan County KY
21207,KYRU,Russell County KY
21209,KYSC,Scott County KY
21211,KYSH,Shelby County KY
21213,KYSI,Simpson County KY
21215,KYSP,Spencer County KY
21217,KYTA,Taylor County KY
21219,KYTO,Todd County KY
21221,KYTR,Trigg County KY
21223,KYTI,Trimble County KY
21225,KYUN,Union County KY
21227,KYWA,Warren County KY
21229,KYWS,Washington County KY
21231,KYWY,Wayne County KY
21233,KYWE,Webster County KY
21235,KYWH,Whitley County KY
21237,KYWO,Wolfe County KY
21239,KYWD,Woodford County KY
22001,LAAC,Acadia County LA
22003,LAAL,Allen County LA
22005,LAAS,Ascension County LA
22007,LAAU,Assumption County LA
22009,LAAV,Avoyelles County LA
22011,LABE,Beauregard County LA
22013,LABI,Bienville County LA
22015,LABO,Bossier County LA
22017,LACA,Caddo County LA
22019,LACL,Calcasieu County LA
22021,LACD,Caldwell County LA
22023,LACM,Cameron County LA
22025,LACT,Catahoula County LA
22027,LACI,Claiborne County LA
22029,LACO,Concordia County LA
22031,LADE,De Soto County LA
22033,LAEA,East Baton Rouge County LA
22035,LAES,East Carroll County LA
22037,LAET,East Feliciana County LA
22039,LAEV,Evangeline County LA
22041,LAFR,Franklin County LA
22043,LAGR,Grant County LA
22045,LAIB,Iberia County LA
22047,LAIE,Iberville County LA
22049,LAJA,Jackson County LA
22051,LAJE,Jefferson County LA
22053,LAJF,Jefferson Davis County LA
22055,LALA,Lafayette County LA
22057,LALF,Lafourche County LA
22059,LALS,La Salle County LA
22061,LALI,Lincoln County LA
22063,LALV,Livingston County LA
22065,LAMA,Madison County LA
22067,LAMO,Morehouse County LA
22069,LANA,Natchitoches County LA
22071,LAOR,Orleans County LA
22073,LAOU,Ouachita County LA
22075,LAPL,Plaquemines County LA
22077,LAPO,Pointe Coupee County LA
22079,LARA,Rapides County LA
22081,LARE,Red River County LA
22083,LARI,Richland County LA
22085,LASA,Sabine County LA
22087,LAST,St. Bernard County LA
22089,LASC,St. Charles County LA
22091,LASH,St. Helena County LA
22093,LASJ,St. James County LA
22095,LASO,St. John the Baptist County LA
22097,LASL,St. Landry County LA
22099,LASM,St. Martin County LA
22101,LASR,St. Mary County LA
22103,LASN,St. Tammany County LA
22105,LATA,Tangipahoa County LA
22107,LATE,Tensas County LA
22109,LATR,Terrebonne County LA
22111,LAUN,Union County LA
22113,LAVE,Vermilion County LA
22115,LAVR,Vernon County LA
22117,LAWA,Washington County LA
22119,LAWE,Webster County LA
22121,LAWS,West Baton Rouge County LA
22123,LAWT,West Carroll County LA
22125,LAWF,West Feliciana County LA
22127,LAWI,Winn County LA
23001,MEAN,Androscoggin County ME
23003,MEAR,Aroostook County ME
23005,MECU,Cumberland County ME
23007,MEFR,Franklin County ME
23009,MEHA,Hancock County ME
23011,MEKE,Kennebec County ME
23013,MEKN,Knox County ME
23015,MELI,Lincoln County ME
23017,MEOX,Oxford County ME
23019,MEPE,Penobscot County ME
23021,MEPI,Piscataquis County ME
23023,MESA,Sagadahoc County ME
23025,MESO,Somerset County ME
23027,MEWA,Waldo County ME
23029,MEWS,Washington County ME
23031,MEYO,York County ME
24001,MDAL,Allegany County MD
24003,MDAN,Anne Arundel County MD
24005,MDBA,Baltimore County MD
24009,MDCA,Calvert County MD
24011,MDCR,Caroline County MD
24013,MDCO,Carroll County MD
24015,MDCE,Cecil County MD
24017,MDCH,Charles County MD
24019,MDDO,Dorchester County MD
24021,MDFR,Frederick County MD
24023,MDGA,Garrett County MD
24025,MDHA,Harford County MD
24027,MDHO,Howard County MD
24029,MDKE,Kent County MD
24031,MDMO,Montgomery County MD
24033,MDPR,Prince George's County MD
24035,MDQU,Queen Anne's County MD
24037,MDST,St. Mary's County MD
24039,MDSO,Somerset County MD
24041,MDTA,Talbot County MD
24043,MDWA,Washington County MD
24045,MDWI,Wicomico County MD
24047,MDWO,Worcester County MD
24510,MDBL,Baltimore (Indep. City) County MD
25001,MABA,Barnstable County MA
25003,MABE,Berkshire County MA
25005,MABR,Bristol County MA
25007,MADU,Dukes County MA
25009,MAES,Essex County MA
25011,MAFR,Franklin County MA
25013,MAHA,Hampden County MA
25015,MAHM,Hampshire County MA
25017,MAMI,Middlesex County MA
25019,MANA,Nantucket County MA
25021,MANO,Norfolk County MA
25023,MAPL,Plymouth County MA
25025,MASU,Suffolk County MA
25027,MAWO,Worcester County MA
26001,MIAL,Alcona County MI
26003,MIAG,Alger County MI
26005,MIAE,Allegan County MI
26007,MIAP,Alpena County MI
26009,MIAN,Antrim County MI
26011,MIAR,Arenac County MI
26013,MIBA,Baraga County MI
26015,MIBR,Barry County MI
26017,MIBY,Bay County MI
26019,MIBE,Benzie County MI
26021,MIBI,Berrien County MI
26023,MIBN,Branch County MI
26025,MICA,Calhoun County MI
26027,MICS,Cass County MI
26029,MICH,Charlevoix County MI
26031,MICE,Cheboygan County MI
26033,MICI,Chippewa County MI
26035,MICL,Clare County MI
26037,MICN,Clinton County MI
26039,MICR,Crawford County MI
26041,MIDE,Delta County MI
26043,MIDI,Dickinson County MI
26045,MIEA,Eaton County MI
26047,MIEM,Emmet County MI
26049,MIGE,Genesee County MI
26051,MIGL,Gladwin County MI
26053,MIGO,Gogebic County MI
26055,MIGR,Grand Traverse County MI
26057,MIGA,Gratiot County MI
26059,MIHI,Hillsdale County MI
26061,MIHO,Houghton County MI
26063,MIHU,Huron County MI
26065,MIIN,Ingham County MI
26067,MIIO,Ionia County MI
26069,MIIS,Iosco County MI
26071,MIIR,Iron County MI
26073,MIIA,Isabella County MI
26075,MIJA,Jackson County MI
26077,MIKA,Kalamazoo County MI
26079,MIKL,Kalkaska County MI
26081,MIKE,Kent County MI
26083,MIKW,Keweenaw County MI
26085,MILA,Lake County MI
26087,MILP,Lapeer County MI
26089,MILE,Leelanau County MI
26091,MILN,Lenawee County MI
26093,MILI,Livingston County MI
26095,MILU,Luce County MI
26097,MIMA,Mackinac County MI
26099,MIMC,Macomb County MI
26101,MIMN,Manistee County MI
26103,MIMR,Marquette County MI
26105,MIMS,Mason County MI
26107,MIME,Mecosta County MI
26109,MIMO,Menominee County MI
26111,MIMI,Midland County MI
26113,MIMU,Missaukee County MI
26115,MIMT,Monroe County MI
26117,MIML,Montcalm County MI
26119,MIMM,Montmorency County MI
26121,MIMK,Muskegon County MI
26123,MINE,Newaygo County MI
26125,MIOA,Oakland County MI
26127,MIOC,Oceana County MI
26129,MIOG,Ogemaw County MI
26131,MION,Ontonagon County MI
26133,MIOS,Osceola County MI
26135,MIOO,Oscoda County MI
26137,MIOT,Otsego County MI
26139,MIOW,Ottawa County MI
26141,MIPR,Presque Isle County MI
26143,MIRO,Roscommon County MI
26145,MISA,Saginaw County MI
26147,MIST,St. Clair County MI
26149,MISJ,St. Joseph County MI
26151,MISN,Sanilac County MI
26153,MISC,Schoolcraft County MI
26155,MISH,Shiawassee County MI
26157,MITU,Tuscola County MI
26159,MIVA,Van Buren County MI
26161,MIWA,Washtenaw County MI
26163,MIWY,Wayne County MI
26165,MIWE,Wexford County MI
27001,MNAI,Aitkin County MN
27003,MNAN,Anoka County MN
27005,MNBE,Becker County MN
27007,MNBL,Beltrami County MN
27009,MNBN,Benton County MN
27011,MNBI,Big Stone County MN
27013,MNBU,Blue Earth County MN
27015,MNBR,Brown County MN
27017,MNCA,Carlton County MN
27019,MNCR,Carver County MN
27021,MNCS,Cass County MN
27023,MNCH,Chippewa County MN
27025,MNCI,Chisago County MN
27027,MNCL,Clay County MN
27029,MNCE,Clearwater County MN
27031,MNCO,Cook County MN
27033,MNCT,Cottonwood County MN
27035,MNCW,Crow Wing County MN
27037,MNDA,Dakota County MN
27039,MNDO,Dodge County MN
27041,MNDU,Douglas County MN
27043,MNFA,Faribault County MN
27045,MNFI,Fillmore County MN
27047,MNFR,Freeborn County MN
27049,MNGO,Goodhue County MN
27051,MNGR,Grant County MN
27053,MNHE,Hennepin County MN
27055,MNHO,Houston County MN
27057,MNHU,Hubbard County MN
27059,MNIS,Isanti County MN
27061,MNIT,Itasca County MN
27063,MNJA,Jackson County MN
27065,MNKA,Kanabec County MN
27067,MNKN,Kandiyohi County MN
27069,MNKI,Kittson County MN
27071,MNKO,Koochiching County MN
27073,MNLA,Lac Qui Parle County MN
27075,MNLK,Lake County MN
27077,MNLE,Lake of the Woods County MN
27079,MNLS,Le Sueur County MN
27081,MNLI,Lincoln County MN
27083,MNLY,Lyon County MN
27085,MNMC,McLeod County MN
27087,MNMA,Mahnomen County MN
27089,MNMR,Marshall County MN
27091,MNMT,Martin County MN
27093,MNME,Meeker County MN
27095,MNMI,Mille Lacs County MN
27097,MNMO,Morrison County MN
27099,MNMW,Mower County MN
27101,MNMU,Murray County MN
27103,MNNI,Nicollet County MN
27105,MNNO,Nobles County MN
27107,MNNR,Norman County MN
27109,MNOL,Olmsted County MN
27111,MNOT,Otter Tail County MN
27113,MNPE,Pennington County MN
27115,MNPI,Pine County MN
27117,MNPP,Pipestone County MN
27119,MNPO,Polk County MN
27121,MNPC,Pope County MN
27123,MNRA,Ramsey County MN
27125,MNRE,Red Lake County MN
27127,MNRD,Redwood County MN
27129,MNRN,Renville County MN
27131,MNRI,Rice County MN
27133,MNRO,Rock County MN
27135,MNRS,Roseau County MN
27137,MNST,St. Louis County MN
27139,MNSC,Scott County MN
27141,MNSH,Sherburne County MN
27143,MNSI,Sibley County MN
27145,MNSE,Stearns County MN
27147,MNSL,Steele County MN
27149,MNSV,Stevens County MN
27151,MNSW,Swift County MN
27153,MNTO,Todd County MN
27155,MNTR,Traverse County MN
27157,MNWA,Wabasha County MN
27159,MNWD,Wadena County MN
27161,MNWS,Waseca County MN
27163,MNWH,Washington County MN
27165,MNWT,Watonwan County MN
27167,MNWI,Wilkin County MN
27169,MNWN,Winona County MN
27171,MNWR,Wright County MN
27173,MNYE,Yellow Medicine County MN
28001,MSAD,Adams County MS
28003,MSAL,Alcorn County MS
28005,MSAM,Amite County MS
28007,MSAT,Attala County MS
28009,MSBE,Benton County MS
28011,MSBO,Bolivar County MS
28013,MSCA,Calhoun County MS
28015,MSCR,Carroll County MS
28017,MSCH,Chickasaw County MS
28019,MSCO,Choctaw County MS
28021,MSCL,Claiborne County MS
28023,MSCK,Clarke County MS
28025,MSCY,Clay County MS
28027,MSCM,Coahoma County MS
28029,MSCP,Copiah County MS
28031,MSCV,Covington County MS
28033,MSDE,De Soto County MS
28035,MSFO,Forrest County MS
28037,MSFR,Franklin County MS
28039,MSGE,George County MS
28041,MSGR,Greene County MS
28043,MSGN,Grenada County MS
28045,MSHA,Hancock County MS
28047,MSHR,Harrison County MS
28049,MSHI,Hinds County MS
28051,MSHO,Holmes County MS
28053,MSHU,Humphreys County MS
28055,MSIS,Issaquena County MS
28057,MSIT,Itawamba County MS
28059,MSJA,Jackson County MS
28061,MSJS,Jasper County MS
28063,MSJE,Jefferson County MS
28065,MSJF,Jefferson Davis County MS
28067,MSJO,Jones County MS
28069,MSKE,Kemper County MS
28071,MSLA,Lafayette County MS
28073,MSLM,Lamar County MS
28075,MSLU,Lauderdale County MS
28077,MSLW,Lawrence County MS
28079,MSLE,Leake County MS
28081,MSLC,Lee County MS
28083,MSLF,Leflore County MS
28085,MSLI,Lincoln County MS
28087,MSLO,Lowndes County MS
28089,MSMA,Madison County MS
28091,MSMR,Marion County MS
28093,MSMS,Marshall County MS
28095,MSMO,Monroe County MS
28097,MSMN,Montgomery County MS
28099,MSNE,Neshoba County MS
28101,MSNW,Newton County MS
28103,MSNO,Noxubee County MS
28105,MSOK,Oktibbeha County MS
28107,MSPA,Panola County MS
28109,MSPE,Pearl River County MS
28111,MSPR,Perry County MS
28113,MSPI,Pike County MS
28115,MSPO,Pontotoc County MS
28117,MSPN,Prentiss County MS
28119,MSQU,Quitman County MS
28121,MSRA,Rankin County MS
28123,MSSC,Scott County MS
28125,MSSH,Sharkey County MS
28127,MSSI,Simpson County MS
28129,MSSM,Smith County MS
28131,MSST,Stone County MS
28133,MSSU,Sunflower County MS
28135,MSTA,Tallahatchie County MS
28137,MSTT,Tate County MS
28139,MSTI,Tippah County MS
28141,MSTS,Tishomingo County MS
28143,MSTU,Tunica County MS
28145,MSUN,Union County MS
28147,MSWA,Walthall County MS
28149,MSWR,Warren County MS
28151,MSWS,Washington County MS
28153,MSWY,Wayne County MS
28155,MSWE,Webster County MS
28157,MSWI,Wilkinson County MS
28159,MSWN,Winston County MS
28161,MSYA,Yalobusha County MS
28163,MSYZ,Yazoo County MS
29001,MOAD,Adair County MO
29003,MOAN,Andrew County MO
29005,MOAT,Atchison County MO
29007,MOAU,Audrain County MO
29009,MOBA,Barry County MO
29011,MOBR,Barton County MO
29013,MOBT,Bates County MO
29015,MOBE,Benton County MO
29017,MOBO,Bollinger County MO
29019,MOBN,Boone County MO
29021,MOBU,Buchanan County MO
29023,MOBL,Butler County MO
29025,MOCA,Caldwell County MO
29027,MOCL,Callaway County MO
29029,MOCM,Camden County MO
29031,MOCP,Cape Girardeau County MO
29033,MOCR,Carroll County MO
29035,MOCT,Carter County MO
29037,MOCS,Cass County MO
29039,MOCE,Cedar County MO
29041,MOCH,Chariton County MO
29043,MOCI,Christian County MO
29045,MOCK,Clark County MO
29047,MOCY,Clay County MO
29049,MOCN,Clinton County MO
29051,MOCO,Cole County MO
29053,MOCC,Cooper County MO
29055,MOCW,Crawford County MO
29057,MODA,Dade County MO
29059,MODL,Dallas County MO
29061,MODV,Daviess County MO
29063,MODE,De Kalb County MO
29065,MODN,Dent County MO
29067,MODO,Douglas County MO
29069,MODU,Dunklin County MO
29071,MOFR,Franklin County MO
29073,MOGA,Gasconade County MO
29075,MOGE,Gentry County MO
29077,MOGR,Greene County MO
29079,MOGU,Grundy County MO
29081,MOHA,Harrison County MO
29083,MOHE,Henry County MO
29085,MOHI,Hickory County MO
29087,MOHO,Holt County MO
29089,MOHW,Howard County MO
29091,MOHL,Howell County MO
29093,MOIR,Iron County MO
29095,MOJA,Jackson County MO
29097,MOJS,Jasper County MO
29099,MOJE,Jefferson County MO
29101,MOJO,Johnson County MO
29103,MOKN,Knox County MO
29105,MOLA,Laclede County MO
29107,MOLF,Lafayette County MO
29109,MOLW,Lawrence County MO
29111,MOLE,Lewis County MO
29113,MOLI,Lincoln County MO
29115,MOLN,Linn County MO
29117,MOLV,Livingston County MO
29119,MOMC,McDonald County MO
29121,MOMA,Macon County MO
29123,MOMD,Madison County MO
29125,MOMR,Maries County MO
29127,MOMI,Marion County MO
29129,MOME,Mercer County MO
29131,MOML,Miller County MO
29133,MOMS,Mississippi County MO
29135,MOMO,Moniteau County MO
29137,MOMN,Monroe County MO
29139,MOMT,Montgomery County MO
29141,MOMG,Morgan County MO
29143,MONE,New Madrid County MO
29145,MONW,Newton County MO
29147,MONO,Nodaway County MO
29149,MOOR,Oregon County MO
29151,MOOS,Osage County MO
29153,MOOZ,Ozark County MO
29155,MOPE,Pemiscot County MO
29157,MOPR,Perry County MO
29159,MOPT,Pettis County MO
29161,MOPH,Phelps County MO
29163,MOPI,Pike County MO
29165,MOPL,Platte County MO
29167,MOPO,Polk County MO
29169,MOPU,Pulaski County MO
29171,MOPN,Putnam County MO
29173,MORA,Ralls County MO
29175,MORN,Randolph County MO
29177,MORY,Ray County MO
29179,MORE,Reynolds County MO
29181,MORI,Ripley County MO
29183,MOST,St. Charles County MO
29185,MOSC,St. Clair County MO
29186,MOSE,Ste. Genevieve County MO
29187,MOSF,St. Francois County MO
29189,MOSL,St. Louis County MO
29195,MOSA,Saline County MO
29197,MOSH,Schuyler County MO
29199,MOSO,Scotland County MO
29201,MOSU,Scott County MO
29203,MOSN,Shannon County MO
29205,MOSB,Shelby County MO
29207,MOSD,Stoddard County MO
29209,MOSY,Stone County MO
29211,MOSI,Sullivan County MO
29213,MOTA,Taney County MO
29215,MOTE,Texas County MO
29217,MOVE,Vernon County MO
29219,MOWA,Warren County MO
29221,MOWS,Washington County MO
29223,MOWY,Wayne County MO
29225,MOWE,Webster County MO
29227,MOWO,Worth County MO
29229,MOWR,Wright County MO
29510,MOSS,St. Louis (Indep. City) County MO
30001,MTBE,Beaverhead County MT
30003,MTBI,Big Horn County MT
30005,MTBL,Blaine County MT
30007,MTBR,Broadwater County MT
30009,MTCA,Carbon County MT
30011,MTCR,Carter County MT
30013,MTCS,Cascade County MT
30015,MTCH,Chouteau County MT
30017,MTCU,Custer County MT
30019,MTDA,Daniels County MT
30021,MTDW,Dawson County MT
30023,MTDE,Deer Lodge County MT
30025,MTFA,Fallon County MT
30027,MTFE,Fergus County MT
30029,MTFL,Flathead County MT
30031,MTGA,Gallatin County MT
30033,MTGR,Garfield County MT
30035,MTGL,Glacier County MT
30037,MTGO,Golden Valley County MT
30039,MTGN,Granite County MT
30041,MTHI,Hill County MT
30043,MTJE,Jefferson County MT
30045,MTJU,Judith Basin County MT
30047,MTLA,Lake County MT
30049,MTLE,Lewis and Clark County MT
30051,MTLI,Liberty County MT
30053,MTLN,Lincoln County MT
30055,MTMC,McCone County MT
30057,MTMA,Madison County MT
30059,MTME,Meagher County MT
30061,MTMI,Mineral County MT
30063,MTMS,Missoula County MT
30065,MTMU,Musselshell County MT
30067,MTPK,Park County MT
30069,MTPE,Petroleum County MT
30071,MTPH,Phillips County MT
30073,MTPO,Pondera County MT
30075,MTPW,Powder River County MT
30077,MTPL,Powell County MT
30079,MTPR,Prairie County MT
30081,MTRA,Ravalli County MT
30083,MTRI,Richland County MT
30085,MTRO,Roosevelt County MT
30087,MTRS,Rosebud County MT
30089,MTSA,Sanders County MT
30091,MTSH,Sheridan County MT
30093,MTSI,Silver Bow County MT
30095,MTST,Stillwater County MT
30097,MTSW,Sweet Grass County MT
30099,MTTE,Teton County MT
30101,MTTO,Toole County MT
30103,MTTR,Treasure County MT
30105,MTVA,Valley County MT
30107,MTWH,Wheatland County MT
30109,MTWI,Wibaux County MT
30111,MTYE,Yellowstone County MT
31001,NEAD,Adams County NE
31003,NEAN,Antelope County NE
31005,NEAR,Arthur County NE
31007,NEBA,Banner County NE
31009,NEBL,Blaine County NE
31011,NEBO,Boone County NE
31013,NEBX,Box Butte County NE
31015,NEBY,Boyd County NE
31017,NEBR,Brown County NE
31019,NEBU,Buffalo County NE
31021,NEBT,Burt County NE
31023,NEBE,Butler County NE
31025,NECA,Cass County NE
31027,NECE,Cedar County NE
31029,NECH,Chase County NE
31031,NECR,Cherry County NE
31033,NECY,Cheyenne County NE
31035,NECL,Clay County NE
31037,NECO,Colfax County NE
31039,NECU,Cuming County NE
31041,NECS,Custer County NE
31043,NEDA,Dakota County NE
31045,NEDW,Dawes County NE
31047,NEDS,Dawson County NE
31049,NEDE,Deuel County NE
31051,NEDI,Dixon County NE
31053,NEDO,Dodge County NE
31055,NEDU,Douglas County NE
31057,NEDN,Dundy County NE
31059,NEFI,Fillmore County NE
31061,NEFR,Franklin County NE
31063,NEFO,Frontier County NE
31065,NEFU,Furnas County NE
31067,NEGA,Gage County NE
31069,NEGR,Garden County NE
31071,NEGF,Garfield County NE
31073,NEGO,Gosper County NE
31075,NEGN,Grant County NE
31077,NEGE,Greeley County NE
31079,NEHA,Hall County NE
31081,NEHM,Hamilton County NE
31083,NEHR,Harlan County NE
31085,NEHY,Hayes County NE
31087,NEHI,Hitchcock County NE
31089,NEHO,Holt County NE
31091,NEHK,Hooker County NE
31093,NEHW,Howard County NE
31095,NEJE,Jefferson County NE
31097,NEJO,Johnson County NE
31099,NEKE,Kearney County NE
31101,NEKI,Keith County NE
31103,NEKY,Keya Paha County NE
31105,NEKM,Kimball County NE
31107,NEKN,Knox County NE
31109,NELA,Lancaster County NE
31111,NELI,Lincoln County NE
31113,NELO,Logan County NE
31115,NELU,Loup County NE
31117,NEMC,McPherson County NE
31119,NEMA,Madison County NE
31121,NEME,Merrick County NE
31123,NEMO,Morrill County NE
31125,NENA,Nance County NE
31127,NENE,Nemaha County NE
31129,NENU,Nuckolls County NE
31131,NEOT,Otoe County NE
31133,NEPA,Pawnee County NE
31135,NEPE,Perkins County NE
31137,NEPH,Phelps County NE
31139,NEPI,Pierce County NE
31141,NEPL,Platte County NE
31143,NEPO,Polk County NE
31145,NERE,Red Willow County NE
31147,NERI,Richardson County NE
31149,NERO,Rock County NE
31151,NESA,Saline County NE
31153,NESR,Sarpy County NE
31155,NESU,Saunders County NE
31157,NESC,Scotts Bluff County NE
31159,NESE,Seward County NE
31161,NESH,Sheridan County NE
31163,NESM,Sherman County NE
31165,NESI,Sioux County NE
31167,NEST,Stanton County NE
31169,NETH,Thayer County NE
31171,NETO,Thomas County NE
31173,NETU,Thurston County NE
31175,NEVA,Valley County NE
31177,NEWA,Washington County NE
31179,NEWY,Wayne County NE
31181,NEWE,Webster County NE
31183,NEWH,Wheeler County NE
31185,NEYO,York County NE
32001,NVCH,Churchill County NV
32003,NVCL,Clark County NV
32005,NVDO,Douglas County NV
32007,NVEL,Elko County NV
32009,NVES,Esmeralda County NV
32011,NVEU,Eureka County NV
32013,NVHU,Humboldt County NV
32015,NVLA,Lander County NV
32017,NVLI,Lincoln County NV
32019,NVLY,Lyon County NV
32021,NVMI,Mineral County NV
32023,NVNY,Nye County NV
32027,NVPE,Pershing County NV
32029,NVST,Storey County NV
32031,NVWA,Washoe County NV
32033,NVWH,White Pine County NV
32510,NVCA,Carson City (Indep. City) Cnty NV
33001,NHBE,Belknap County NH
33003,NHCA,Carroll County NH
33005,NHCH,Cheshire County NH
33007,NHCO,Coos County NH
33009,NHGR,Grafton County NH
33011,NHHI,Hillsborough County NH
33013,NHME,Merrimack County NH
33015,NHRO,Rockingham County NH
33017,NHST,Strafford County NH
33019,NHSU,Sullivan County NH
34001,NJAT,Atlantic County NJ
34003,NJBE,Bergen County NJ
34005,NJBU,Burlington County NJ
34007,NJCA,Camden County NJ
34009,NJCP,Cape May County NJ
34011,NJCU,Cumberland County NJ
34013,NJES,Essex County NJ
34015,NJGL,Gloucester County NJ
34017,NJHU,Hudson County NJ
34019,NJHN,Hunterdon County NJ
34021,NJME,Mercer County NJ
34023,NJMI,Middlesex County NJ
34025,NJMO,Monmouth County NJ
34027,NJMR,Morris County NJ
34029,NJOC,Ocean County NJ
34031,NJPA,Passaic County NJ
34033,NJSA,Salem County NJ
34035,NJSO,Somerset County NJ
34037,NJSU,Sussex County NJ
34039,NJUN,Union County NJ
34041,NJWA,Warren County NJ
35001,NMBE,Bernalillo County NM
35003,NMCA,Catron County NM
35005,NMCH,Chaves County NM
35006,NMCI,Cibola County NM
35007,NMCO,Colfax County NM
35009,NMCU,Curry County NM
35011,NMDE,De Baca County NM
35013,NMDO,Dona Ana County NM
35015,NMED,Eddy County NM
35017,NMGR,Grant County NM
35019,NMGU,Guadalupe County NM
35021,NMHA,Harding County NM
35023,NMHI,Hidalgo County NM
35025,NMLE,Lea County NM
35027,NMLI,Lincoln County NM
35028,NMLO,Los Alamos County NM
35029,NMLU,Luna County NM
35031,NMMC,McKinley County NM
35033,NMMO,Mora County NM
35035,NMOT,Otero County NM
35037,NMQU,Quay County NM
35039,NMRI,Rio Arriba County NM
35041,NMRO,Roosevelt County NM
35043,NMSA,Sandoval County NM
35045,NMSN,San Juan County NM
35047,NMSM,San Miguel County NM
35049,NMST,Santa Fe County NM
35051,NMSI,Sierra County NM
35053,NMSO,Socorro County NM
35055,NMTA,Taos County NM
35057,NMTO,Torrance County NM
35059,NMUN,Union County NM
35061,NMVA,Valencia County NM
36001,NYAL,Albany County NY
36003,NYAE,Allegany County NY
36005,NYBR,Bronx County NY
36007,NYBO,Broome County NY
36009,NYCA,Cattaraugus County NY
36011,NYCY,Cayuga County NY
36013,NYCH,Chautauqua County NY
36015,NYCE,Chemung County NY
36017,NYCN,Chenango County NY
36019,NYCL,Clinton County NY
36021,NYCO,Columbia County NY
36023,NYCR,Cortland County NY
36025,NYDE,Delaware County NY
36027,NYDU,Dutchess County NY
36029,NYER,Erie County NY
36031,NYES,Essex County NY
36033,NYFR,Franklin County NY
36035,NYFU,Fulton County NY
36037,NYGE,Genesee County NY
36039,NYGR,Greene County NY
36041,NYHA,Hamilton County NY
36043,NYHE,Herkimer County NY
36045,NYJE,Jefferson County NY
36047,NYKI,Kings County NY
36049,NYLE,Lewis County NY
36051,NYLI,Livingston County NY
36053,NYMA,Madison County NY
36055,NYMO,Monroe County NY
36057,NYMN,Montgomery County NY
36059,NYNA,Nassau County NY
36061,NYNE,New York County NY
36063,NYNI,Niagara County NY
36065,NYON,Oneida County NY
36067,NYOO,Onondaga County NY
36069,NYOT,Ontario County NY
36071,NYOR,Orange County NY
36073,NYOL,Orleans County NY
36075,NYOS,Oswego County NY
36077,NYOE,Otsego County NY
36079,NYPU,Putnam County NY
36081,NYQU,Queens County NY
36083,NYRE,Rensselaer County NY
36085,NYRI,Richmond County NY
36087,NYRO,Rockland County NY
36089,NYST,St. Lawrence County NY
36091,NYSA,Saratoga County NY
36093,NYSC,Schenectady County NY
36095,NYSH,Schoharie County NY
36097,NYSU,Schuyler County NY
36099,NYSE,Seneca County NY
36101,NYSB,Steuben County NY
36103,NYSF,Suffolk County NY
36105,NYSL,Sullivan County NY
36107,NYTI,Tioga County NY
36109,NYTO,Tompkins County NY
36111,NYUL,Ulster County NY
36113,NYWA,Warren County NY
36115,NYWS,Washington County NY
36117,NYWY,Wayne County NY
36119,NYWE,Westchester County NY
36121,NYWO,Wyoming County NY
36123,NYYA,Yates County NY
37001,NCAL,Alamance County NC
37003,NCAE,Alexander County NC
37005,NCAG,Alleghany County NC
37007,NCAN,Anson County NC
37009,NCAS,Ashe County NC
37011,NCAV,Avery County NC
37013,NCBE,Beaufort County NC
37015,NCBR,Bertie County NC
37017,NCBL,Bladen County NC
37019,NCBU,Brunswick County NC
37021,NCBN,Buncombe County NC
37023,NCBK,Burke County NC
37025,NCCA,Cabarrus County NC
37027,NCCL,Caldwell County NC
37029,NCCM,Camden County NC
37031,NCCR,Carteret County NC
37033,NCCS,Caswell County NC
37035,NCCT,Catawba County NC
37037,NCCH,Chatham County NC
37039,NCCE,Cherokee County NC
37041,NCCO,Chowan County NC
37043,NCCY,Clay County NC
37045,NCCV,Cleveland County NC
37047,NCCU,Columbus County NC
37049,NCCN,Craven County NC
37051,NCCB,Cumberland County NC
37053,NCCI,Currituck County NC
37055,NCDA,Dare County NC
37057,NCDV,Davidson County NC
37059,NCDI,Davie County NC
37061,NCDU,Duplin County NC
37063,NCDR,Durham County NC
37065,NCED,Edgecombe County NC
37067,NCFO,Forsyth County NC
37069,NCFR,Franklin County NC
37071,NCGA,Gaston County NC
37073,NCGT,Gates County NC
37075,NCGR,Graham County NC
37077,NCGN,Granville County NC
37079,NCGE,Greene County NC
37081,NCGU,Guilford County NC
37083,NCHA,Halifax County NC
37085,NCHR,Harnett County NC
37087,NCHY,Haywood County NC
37089,NCHE,Henderson County NC
37091,NCHT,Hertford County NC
37093,NCHO,Hoke County NC
37095,NCHD,Hyde County NC
37097,NCIR,Iredell County NC
37099,NCJA,Jackson County NC
37101,NCJO,Johnston County NC
37103,NCJN,Jones County NC
37105,NCLE,Lee County NC
37107,NCLN,Lenoir County NC
37109,NCLI,Lincoln County NC
37111,NCMC,McDowell County NC
37113,NCMA,Macon County NC
37115,NCMD,Madison County NC
37117,NCMR,Martin County NC
37119,NCME,Mecklenburg County NC
37121,NCMI,Mitchell County NC
37123,NCMO,Montgomery County NC
37125,NCMU,Moore County NC
37127,NCNA,Nash County NC
37129,NCNE,New Hanover County NC
37131,NCNO,Northampton County NC
37133,NCON,Onslow County NC
37135,NCOR,Orange County NC
37137,NCPA,Pamlico County NC
37139,NCPS,Pasquotank County NC
37141,NCPE,Pender County NC
37143,NCPR,Perquimans County NC
37145,NCPO,Person County NC
37147,NCPI,Pitt County NC
37149,NCPL,Polk County NC
37151,NCRA,Randolph County NC
37153,NCRI,Richmond County NC
37155,NCRO,Robeson County NC
37157,NCRC,Rockingham County NC
37159,NCRW,Rowan County NC
37161,NCRU,Rutherford County NC
37163,NCSA,Sampson County NC
37165,NCSC,Scotland County NC
37167,NCST,Stanly County NC
37169,NCSO,Stokes County NC
37171,NCSU,Surry County NC
37173,NCSW,Swain County NC
37175,NCTR,Transylvania County NC
37177,NCTY,Tyrrell County NC
37179,NCUN,Union County NC
37181,NCVA,Vance County NC
37183,NCWA,Wake County NC
37185,NCWR,Warren County NC
37187,NCWS,Washington County NC
37189,NCWT,Watauga County NC
37191,NCWY,Wayne County NC
37193,NCWI,Wilkes County NC
37195,NCWL,Wilson County NC
37197,NCYA,Yadkin County NC
37199,NCYN,Yancey County NC
38001,NDAD,Adams County ND
38003,NDBA,Barnes County ND
38005,NDBE,Benson County ND
38007,NDBI,Billings County ND
38009,NDBO,Bottineau County ND
38011,NDBW,Bowman County ND
38013,NDBU,Burke County ND
38015,NDBR,Burleigh County ND
38017,NDCA,Cass County ND
38019,NDCV,Cavalier County ND
38021,NDDI,Dickey County ND
38023,NDDV,Divide County ND
38025,NDDU,Dunn County ND
38027,NDED,Eddy County ND
38029,NDEM,Emmons County ND
38031,NDFO,Foster County ND
38033,NDGO,Golden Valley County ND
38035,NDGR,Grand Forks County ND
38037,NDGA,Grant County ND
38039,NDGI,Griggs County ND
38041,NDHE,Hettinger County ND
38043,NDKI,Kidder County ND
38045,NDLA,La Moure County ND
38047,NDLO,Logan County ND
38049,NDMC,McHenry County ND
38051,NDMI,McIntosh County ND
38053,NDMK,McKenzie County ND
38055,NDML,McLean County ND
38057,NDME,Mercer County ND
38059,NDMO,Morton County ND
38061,NDMU,Mountrail County ND
38063,NDNE,Nelson County ND
38065,NDOL,Oliver County ND
38067,NDPE,Pembina County ND
38069,NDPI,Pierce County ND
38071,NDRA,Ramsey County ND
38073,NDRN,Ransom County ND
38075,NDRE,Renville County ND
38077,NDRI,Richland County ND
38079,NDRO,Rolette County ND
38081,NDSA,Sargent County ND
38083,NDSH,Sheridan County ND
38085,NDSI,Sioux County ND
38087,NDSL,Slope County ND
38089,NDST,Stark County ND
38091,NDSE,Steele County ND
38093,NDSU,Stutsman County ND
38095,NDTO,Towner County ND
38097,NDTR,Traill County ND
38099,NDWA,Walsh County ND
38101,NDWR,Ward County ND
38103,NDWE,Wells County ND
38105,NDWI,Williams County ND
39001,OHAD,Adams County OH
39003,OHAL,Allen County OH
39005,OHAS,Ashland County OH
39007,OHAH,Ashtabula County OH
39009,OHAT,Athens County OH
39011,OHAU,Auglaize County OH
39013,OHBE,Belmont County OH
39015,OHBR,Brown County OH
39017,OHBU,Butler County OH
39019,OHCA,Carroll County OH
39021,OHCH,Champaign County OH
39023,OHCL,Clark County OH
39025,OHCE,Clermont County OH
39027,OHCI,Clinton County OH
39029,OHCO,Columbiana County OH
39031,OHCS,Coshocton County OH
39033,OHCR,Crawford County OH
39035,OHCU,Cuyahoga County OH
39037,OHDA,Darke County OH
39039,OHDE,Defiance County OH
39041,OHDL,Delaware County OH
39043,OHER,Erie County OH
39045,OHFA,Fairfield County OH
39047,OHFY,Fayette County OH
39049,OHFR,Franklin County OH
39051,OHFU,Fulton County OH
39053,OHGA,Gallia County OH
39055,OHGE,Geauga County OH
39057,OHGR,Greene County OH
39059,OHGU,Guernsey County OH
39061,OHHA,Hamilton County OH
39063,OHHN,Hancock County OH
39065,OHHR,Hardin County OH
39067,OHHI,Harrison County OH
39069,OHHE,Henry County OH
39071,OHHG,Highland County OH
39073,OHHO,Hocking County OH
39075,OHHL,Holmes County OH
39077,OHHU,Huron County OH
39079,OHJA,Jackson County OH
39081,OHJE,Jefferson County OH
39083,OHKN,Knox County OH
39085,OHLA,Lake County OH
39087,OHLW,Lawrence County OH
39089,OHLI,Licking County OH
39091,OHLO,Logan County OH
39093,OHLR,Lorain County OH
39095,OHLU,Lucas County OH
39097,OHMA,Madison County OH
39099,OHMH,Mahoning County OH
39101,OHMR,Marion County OH
39103,OHME,Medina County OH
39105,OHMI,Meigs County OH
39107,OHMC,Mercer County OH
39109,OHMM,Miami County OH
39111,OHMO,Monroe County OH
39113,OHMN,Montgomery County OH
39115,OHMG,Morgan County OH
39117,OHMW,Morrow County OH
39119,OHMU,Muskingum County OH
39121,OHNO,Noble County OH
39123,OHOT,Ottawa County OH
39125,OHPA,Paulding County OH
39127,OHPE,Perry County OH
39129,OHPI,Pickaway County OH
39131,OHPK,Pike County OH
39133,OHPO,Portage County OH
39135,OHPR,Preble County OH
39137,OHPU,Putnam County OH
39139,OHRI,Richland County OH
39141,OHRO,Ross County OH
39143,OHSA,Sandusky County OH
39145,OHSC,Scioto County OH
39147,OHSE,Seneca County OH
39149,OHSH,Shelby County OH
39151,OHST,Stark County OH
39153,OHSU,Summit County OH
39155,OHTR,Trumbull County OH
39157,OHTU,Tuscarawas County OH
39159,OHUN,Union County OH
39161,OHVA,Van Wert County OH
39163,OHVI,Vinton County OH
39165,OHWA,Warren County OH
39167,OHWS,Washington County OH
39169,OHWY,Wayne County OH
39171,OHWI,Williams County OH
39173,OHWO,Wood County OH
39175,OHWN,Wyandot County OH
40001,OKAD,Adair County OK
40003,OKAL,Alfalfa County OK
40005,OKAT,Atoka County OK
40007,OKBE,Beaver County OK
40009,OKBC,Beckham County OK
40011,OKBL,Blaine County OK
40013,OKBR,Bryan County OK
40015,OKCA,Caddo County OK
40017,OKCN,Canadian County OK
40019,OKCR,Carter County OK
40021,OKCH,Cherokee County OK
40023,OKCO,Choctaw County OK
40025,OKCI,Cimarron County OK
40027,OKCL,Cleveland County OK
40029,OKCC,Coal County OK
40031,OKCM,Comanche County OK
40033,OKCT,Cotton County OK
40035,OKCG,Craig County OK
40037,OKCE,Creek County OK
40039,OKCU,Custer County OK
40041,OKDE,Delaware County OK
40043,OKDW,Dewey County OK
40045,OKEL,Ellis County OK
40047,OKGA,Garfield County OK
40049,OKGR,Garvin County OK
40051,OKGD,Grady County OK
40053,OKGN,Grant County OK
40055,OKGE,Greer County OK
40057,OKHA,Harmon County OK
40059,OKHR,Harper County OK
40061,OKHS,Haskell County OK
40063,OKHU,Hughes County OK
40065,OKJA,Jackson County OK
40067,OKJE,Jefferson County OK
40069,OKJO,Johnston County OK
40071,OKKA,Kay County OK
40073,OKKI,Kingfisher County OK
40075,OKKO,Kiowa County OK
40077,OKLA,Latimer County OK
40079,OKLE,Le Flore County OK
40081,OKLI,Lincoln County OK
40083,OKLO,Logan County OK
40085,OKLV,Love County OK
40087,OKMC,McClain County OK
40089,OKMU,McCurtain County OK
40091,OKMI,McIntosh County OK
40093,OKMA,Major County OK
40095,OKMR,Marshall County OK
40097,OKMY,Mayes County OK
40099,OKMO,Murray County OK
40101,OKMS,Muskogee County OK
40103,OKNO,Noble County OK
40105,OKNW,Nowata County OK
40107,OKOK,Okfuskee County OK
40109,OKOL,Oklahoma County OK
40111,OKOM,Okmulgee County OK
40113,OKOS,Osage County OK
40115,OKOT,Ottawa County OK
40117,OKPA,Pawnee County OK
40119,OKPY,Payne County OK
40121,OKPI,Pittsburg County OK
40123,OKPO,Pontotoc County OK
40125,OKPT,Pottawatomie County OK
40127,OKPU,Pushmataha County OK
40129,OKRO,Roger Mills County OK
40131,OKRG,Rogers County OK
40133,OKSE,Seminole County OK
40135,OKSQ,Sequoyah County OK
40137,OKST,Stephens County OK
40139,OKTE,Texas County OK
40141,OKTI,Tillman County OK
40143,OKTU,Tulsa County OK
40145,OKWA,Wagoner County OK
40147,OKWS,Washington County OK
40149,OKWH,Washita County OK
40151,OKWO,Woods County OK
40153,OKWD,Woodward County OK
41001,ORBA,Baker County OR
41003,ORBE,Benton County OR
41005,ORCL,Clackamas County OR
41007,ORCA,Clatsop County OR
41009,ORCO,Columbia County OR
41011,ORCS,Coos County OR
41013,ORCR,Crook County OR
41015,ORCU,Curry County OR
41017,ORDE,Deschutes County OR
41019,ORDO,Douglas County OR
41021,ORGI,Gilliam County OR
41023,ORGR,Grant County OR
41025,ORHA,Harney County OR
41027,ORHO,Hood River County OR
41029,ORJA,Jackson County OR
41031,ORJE,Jefferson County OR
41033,ORJO,Josephine County OR
41035,ORKL,Klamath County OR
41037,ORLA,Lake County OR
41039,ORLN,Lane County OR
41041,ORLI,Lincoln County OR
41043,ORLC,Linn County OR
41045,ORMA,Malheur County OR
41047,ORMR,Marion County OR
41049,ORMO,Morrow County OR
41051,ORMU,Multnomah County OR
41053,ORPO,Polk County OR
41055,ORSH,Sherman County OR
41057,ORTI,Tillamook County OR
41059,ORUM,Umatilla County OR
41061,ORUN,Union County OR
41063,ORWA,Wallowa County OR
41065,ORWS,Wasco County OR
41067,ORWH,Washington County OR
41069,ORWE,Wheeler County OR
41071,ORYA,Yamhill County OR
42001,PAAD,Adams County PA
42003,PAAL,Allegheny County PA
42005,PAAR,Armstrong County PA
42007,PABE,Beaver County PA
42009,PABD,Bedford County PA
42011,PABR,Berks County PA
42013,PABL,Blair County PA
42015,PABA,Bradford County PA
42017,PABU,Bucks County PA
42019,PABT,Butler County PA
42021,PACA,Cambria County PA
42023,PACM,Cameron County PA
42025,PACR,Carbon County PA
42027,PACE,Centre County PA
42029,PACH,Chester County PA
42031,PACL,Clarion County PA
42033,PACF,Clearfield County PA
42035,PACI,Clinton County PA
42037,PACO,Columbia County PA
42039,PACW,Crawford County PA
42041,PACU,Cumberland County PA
42043,PADA,Dauphin County PA
42045,PADE,Delaware County PA
42047,PAEL,Elk County PA
42049,PAER,Erie County PA
42051,PAFA,Fayette County PA
42053,PAFO,Forest County PA
42055,PAFR,Franklin County PA
42057,PAFU,Fulton County PA
42059,PAGR,Greene County PA
42061,PAHU,Huntingdon County PA
42063,PAIN,Indiana County PA
42065,PAJE,Jefferson County PA
42067,PAJU,Juniata County PA
42069,PALA,Lackawanna County PA
42071,PALN,Lancaster County PA
42073,PALW,Lawrence County PA
42075,PALE,Lebanon County PA
42077,PALH,Lehigh County PA
42079,PALU,Luzerne County PA
42081,PALY,Lycoming County PA
42083,PAMC,McKean County PA
42085,PAME,Mercer County PA
42087,PAMI,Mifflin County PA
42089,PAMO,Monroe County PA
42091,PAMN,Montgomery County PA
42093,PAMT,Montour County PA
42095,PANO,Northampton County PA
42097,PANR,Northumberland County PA
42099,PAPE,Perry County PA
42101,PAPH,Philadelphia County PA
42103,PAPI,Pike County PA
42105,PAPO,Potter County PA
42107,PASC,Schuylkill County PA
42109,PASN,Snyder County PA
42111,PASO,Somerset County PA
42113,PASU,Sullivan County PA
42115,PASS,Susquehanna County PA
42117,PATI,Tioga County PA
42119,PAUN,Union County PA
42121,PAVE,Venango County PA
42123,PAWA,Warren County PA
42125,PAWS,Washington County PA
42127,PAWY,Wayne County PA
42129,PAWE,Westmoreland County PA
42131,PAWO,Wyoming County PA
42133,PAYO,York County PA
44001,RIBR,Bristol County RI
44003,RIKE,Kent County RI
44005,RINE,Newport County RI
44007,RIPR,Providence County RI
44009,RIWA,Washington County RI
45001,SCAB,Abbeville County SC
45003,SCAI,Aiken County SC
45005,SCAL,Allendale County SC
45007,SCAN,Anderson County SC
45009,SCBA,Bamberg County SC
45011,SCBR,Barnwell County SC
45013,SCBE,Beaufort County SC
45015,SCBK,Berkeley County SC
45017,SCCA,Calhoun County SC
45019,SCCH,Charleston County SC
45021,SCCE,Cherokee County SC
45023,SCCS,Chester County SC
45025,SCCT,Chesterfield County SC
45027,SCCL,Clarendon County SC
45029,SCCO,Colleton County SC
45031,SCDA,Darlington County SC
45033,SCDI,Dillon County SC
45035,SCDO,Dorchester County SC
45037,SCED,Edgefield County SC
45039,SCFA,Fairfield County SC
45041,SCFL,Florence County SC
45043,SCGE,Georgetown County SC
45045,SCGR,Greenville County SC
45047,SCGN,Greenwood County SC
45049,SCHA,Hampton County SC
45051,SCHO,Horry County SC
45053,SCJA,Jasper County SC
45055,SCKE,Kershaw County SC
45057,SCLA,Lancaster County SC
45059,SCLU,Laurens County SC
45061,SCLE,Lee County SC
45063,SCLX,Lexington County SC
45065,SCMC,McCormick County SC
45067,SCMA,Marion County SC
45069,SCMR,Marlboro County SC
45071,SCNE,Newberry County SC
45073,SCOC,Oconee County SC
45075,SCOR,Orangeburg County SC
45077,SCPI,Pickens County SC
45079,SCRI,Richland County SC
45081,SCSA,Saluda County SC
45083,SCSP,Spartanburg County SC
45085,SCSU,Sumter County SC
45087,SCUN,Union County SC
45089,SCWI,Williamsburg County SC
45091,SCYO,York County SC
46003,SDAU,Aurora County SD
46005,SDBE,Beadle County SD
46007,SDBN,Bennett County SD
46009,SDBO,Bon Homme County SD
46011,SDBR,Brookings County SD
46013,SDBW,Brown County SD
46015,SDBU,Brule County SD
46017,SDBF,Buffalo County SD
46019,SDBT,Butte County SD
46021,SDCA,Campbell County SD
46023,SDCH,Charles Mix County SD
46025,SDCL,Clark County SD
46027,SDCY,Clay County SD
46029,SDCO,Codington County SD
46031,SDCR,Corson County SD
46033,SDCU,Custer County SD
46035,SDDA,Davison County SD
46037,SDDY,Day County SD
46039,SDDE,Deuel County SD
46041,SDDW,Dewey County SD
46043,SDDO,Douglas County SD
46045,SDED,Edmunds County SD
46047,SDFA,Fall River County SD
46049,SDFU,Faulk County SD
46051,SDGR,Grant County SD
46053,SDGE,Gregory County SD
46055,SDHA,Haakon County SD
46057,SDHM,Hamlin County SD
46059,SDHN,Hand County SD
46061,SDHS,Hanson County SD
46063,SDHR,Harding County SD
46065,SDHU,Hughes County SD
46067,SDHT,Hutchinson County SD
46069,SDHY,Hyde County SD
46071,SDJA,Jackson County SD
46073,SDJE,Jerauld County SD
46075,SDJO,Jones County SD
46077,SDKI,Kingsbury County SD
46079,SDLA,Lake County SD
46081,SDLW,Lawrence County SD
46083,SDLI,Lincoln County SD
46085,SDLY,Lyman County SD
46087,SDMC,McCook County SD
46089,SDMP,McPherson County SD
46091,SDMA,Marshall County SD
46093,SDME,Meade County SD
46095,SDML,Mellette County SD
46097,SDMI,Miner County SD
46099,SDMN,Minnehaha County SD
46101,SDMO,Moody County SD
46102,SDOG,Oglala Lakota County SD
46103,SDPE,Pennington County SD
46105,SDPR,Perkins County SD
46107,SDPO,Potter County SD
46109,SDRO,Roberts County SD
46111,SDSA,Sanborn County SD
46113,SDSH,Shannon County SD
46115,SDSP,Spink County SD
46117,SDST,Stanley County SD
46119,SDSU,Sully County SD
46121,SDTO,Todd County SD
46123,SDTR,Tripp County SD
46125,SDTU,Turner County SD
46127,SDUN,Union County SD
46129,SDWA,Walworth County SD
46135,SDYA,Yankton County SD
46137,SDZI,Ziebach County SD
47001,TNAN,Anderson County TN
47003,TNBE,Bedford County TN
47005,TNBN,Benton County TN
47007,TNBL,Bledsoe County TN
47009,TNBO,Blount County TN
47011,TNBR,Bradley County TN
47013,TNCA,Campbell County TN
47015,TNCN,Cannon County TN
47017,TNCR,Carroll County TN
47019,TNCT,Carter County TN
47021,TNCH,Cheatham County TN
47023,TNCE,Chester County TN
47025,TNCL,Claiborne County TN
47027,TNCY,Clay County TN
47029,TNCO,Cocke County TN
47031,TNCF,Coffee County TN
47033,TNCC,Crockett County TN
47035,TNCU,Cumberland County TN
47037,TNDA,Davidson County TN
47039,TNDE,Decatur County TN
47041,TNDK,De Kalb County TN
47043,TNDI,Dickson County TN
47045,TNDY,Dyer County TN
47047,TNFA,Fayette County TN
47049,TNFE,Fentress County TN
47051,TNFR,Franklin County TN
47053,TNGI,Gibson County TN
47055,TNGL,Giles County TN
47057,TNGR,Grainger County TN
47059,TNGE,Greene County TN
47061,TNGU,Grundy County TN
47063,TNHA,Hamblen County TN
47065,TNHM,Hamilton County TN
47067,TNHN,Hancock County TN
47069,TNHR,Hardeman County TN
47071,TNHD,Hardin County TN
47073,TNHW,Hawkins County TN
47075,TNHY,Haywood County TN
47077,TNHE,Henderson County TN
47079,TNHC,Henry County TN
47081,TNHI,Hickman County TN
47083,TNHO,Houston County TN
47085,TNHU,Humphreys County TN
47087,TNJA,Jackson County TN
47089,TNJE,Jefferson County TN
47091,TNJO,Johnson County TN
47093,TNKN,Knox County TN
47095,TNLA,Lake County TN
47097,TNLU,Lauderdale County TN
47099,TNLW,Lawrence County TN
47101,TNLE,Lewis County TN
47103,TNLI,Lincoln County TN
47105,TNLO,Loudon County TN
47107,TNMC,McMinn County TN
47109,TNMN,McNairy County TN
47111,TNMA,Macon County TN
47113,TNMD,Madison County TN
47115,TNMR,Marion County TN
47117,TNMS,Marshall County TN
47119,TNMU,Maury County TN
47121,TNME,Meigs County TN
47123,TNMO,Monroe County TN
47125,TNMT,Montgomery County TN
47127,TNMY,Moore County TN
47129,TNMG,Morgan County TN
47131,TNOB,Obion County TN
47133,TNOV,Overton County TN
47135,TNPE,Perry County TN
47137,TNPI,Pickett County TN
47139,TNPO,Polk County TN
47141,TNPU,Putnam County TN
47143,TNRH,Rhea County TN
47145,TNRO,Roane County TN
47147,TNRB,Robertson County TN
47149,TNRU,Rutherford County TN
47151,TNSC,Scott County TN
47153,TNSE,Sequatchie County TN
47155,TNSV,Sevier County TN
47157,TNSH,Shelby County TN
47159,TNSM,Smith County TN
47161,TNST,Stewart County TN
47163,TNSU,Sullivan County TN
47165,TNSN,Sumner County TN
47167,TNTI,Tipton County TN
47169,TNTR,Trousdale County TN
47171,TNUN,Unicoi County TN
47173,TNUI,Union County TN
47175,TNVA,Van Buren County TN
47177,TNWA,Warren County TN
47179,TNWS,Washington County TN
47181,TNWY,Wayne County TN
47183,TNWE,Weakley County TN
47185,TNWH,White County TN
47187,TNWI,Williamson County TN
47189,TNWL,Wilson County TN
48001,TXAN,Anderson County TX
48003,TXAD,Andrews County TX
48005,TXAG,Angelina County TX
48007,TXAR,Aransas County TX
48009,TXAC,Archer County TX
48011,TXAM,Armstrong County TX
48013,TXAT,Atascosa County TX
48015,TXAU,Austin County TX
48017,TXBA,Bailey County TX
48019,TXBN,Bandera County TX
48021,TXBS,Bastrop County TX
48023,TXBY,Baylor County TX
48025,TXBE,Bee County TX
48027,TXBL,Bell County TX
48029,TXBX,Bexar County TX
48031,TXBC,Blanco County TX
48033,TXBO,Borden County TX
48035,TXBQ,Bosque County TX
48037,TXBW,Bowie County TX
48039,TXBR,Brazoria County TX
48041,TXBZ,Brazos County TX
48043,TXBT,Brewster County TX
48045,TXBI,Briscoe County TX
48047,TXBK,Brooks County TX
48049,TXBU,Brown County TX
48051,TXBB,Burleson County TX
48053,TXBD,Burnet County TX
48055,TXCA,Caldwell County TX
48057,TXCL,Calhoun County TX
48059,TXCH,Callahan County TX
48061,TXCM,Cameron County TX
48063,TXCP,Camp County TX
48065,TXCR,Carson County TX
48067,TXCS,Cass County TX
48069,TXCT,Castro County TX
48071,TXCB,Chambers County TX
48073,TXCE,Cherokee County TX
48075,TXCI,Childress County TX
48077,TXCY,Clay County TX
48079,TXCO,Cochran County TX
48081,TXCK,Coke County TX
48083,TXCN,Coleman County TX
48085,TXCC,Collin County TX
48087,TXCG,Collingsworth County TX
48089,TXCD,Colorado County TX
48091,TXCU,Comal County TX
48093,TXCX,Comanche County TX
48095,TXC1,Concho County TX
48097,TXC2,Cooke County TX
48099,TXC3,Coryell County TX
48101,TXC4,Cottle County TX
48103,TXC5,Crane County TX
48105,TXC6,Crockett County TX
48107,TXC7,Crosby County TX
48109,TXC8,Culberson County TX
48111,TXDA,Dallam County TX
48113,TXDL,Dallas County TX
48115,TXDW,Dawson County TX
48117,TXDE,Deaf Smith County TX
48119,TXDT,Delta County TX
48121,TXDN,Denton County TX
48123,TXDI,De Witt County TX
48125,TXDC,Dickens County TX
48127,TXDM,Dimmit County TX
48129,TXDO,Donley County TX
48131,TXDU,Duval County TX
48133,TXEA,Eastland County TX
48135,TXEC,Ector County TX
48137,TXED,Edwards County TX
48139,TXEL,Ellis County TX
48141,TXEP,El Paso County TX
48143,TXER,Erath County TX
48145,TXFA,Falls County TX
48147,TXFN,Fannin County TX
48149,TXFY,Fayette County TX
48151,TXFI,Fisher County TX
48153,TXFL,Floyd County TX
48155,TXFO,Foard County TX
48157,TXFR,Fort Bend County TX
48159,TXFK,Franklin County TX
48161,TXFE,Freestone County TX
48163,TXFC,Frio County TX
48165,TXGA,Gaines County TX
48167,TXGL,Galveston County TX
48169,TXGR,Garza County TX
48171,TXGI,Gillespie County TX
48173,TXGS,Glasscock County TX
48175,TXGO,Goliad County TX
48177,TXGN,Gonzales County TX
48179,TXGY,Gray County TX
48181,TXGC,Grayson County TX
48183,TXGE,Gregg County TX
48185,TXGM,Grimes County TX
48187,TXGU,Guadalupe County TX
48189,TXHA,Hale County TX
48191,TXHL,Hall County TX
48193,TXHM,Hamilton County TX
48195,TXHN,Hansford County TX
48197,TXHR,Hardeman County TX
48199,TXHD,Hardin County TX
48201,TXHI,Harris County TX
48203,TXHS,Harrison County TX
48205,TXHT,Hartley County TX
48207,TXHK,Haskell County TX
48209,TXHY,Hays County TX
48211,TXHE,Hemphill County TX
48213,TXHO,Henderson County TX
48215,TXHG,Hidalgo County TX
48217,TXHC,Hill County TX
48219,TXHU,Hockley County TX
48221,TXHX,Hood County TX
48223,TXHP,Hopkins County TX
48225,TXH1,Houston County TX
48227,TXHW,Howard County TX
48229,TXHH,Hudspeth County TX
48231,TXH2,Hunt County TX
48233,TXH3,Hutchinson County TX
48235,TXIR,Irion County TX
48237,TXJA,Jack County TX
48239,TXJC,Jackson County TX
48241,TXJS,Jasper County TX
48243,TXJE,Jeff Davis County TX
48245,TXJF,Jefferson County TX
48247,TXJI,Jim Hogg County TX
48249,TXJM,Jim Wells County TX
48251,TXJO,Johnson County TX
48253,TXJN,Jones County TX
48255,TXKA,Karnes County TX
48257,TXKU,Kaufman County TX
48259,TXKE,Kendall County TX
48261,TXKN,Kenedy County TX
48263,TXKT,Kent County TX
48265,TXKR,Kerr County TX
48267,TXKI,Kimble County TX
48269,TXKG,King County TX
48271,TXKY,Kinney County TX
48273,TXKL,Kleberg County TX
48275,TXKO,Knox County TX
48277,TXLA,Lamar County TX
48279,TXLM,Lamb County TX
48281,TXLP,Lampasas County TX
48283,TXLS,La Salle County TX
48285,TXLV,Lavaca County TX
48287,TXLE,Lee County TX
48289,TXLO,Leon County TX
48291,TXLI,Liberty County TX
48293,TXLT,Limestone County TX
48295,TXLC,Lipscomb County TX
48297,TXLK,Live Oak County TX
48299,TXLL,Llano County TX
48301,TXLN,Loving County TX
48303,TXLU,Lubbock County TX
48305,TXLY,Lynn County TX
48307,TXMC,McCulloch County TX
48309,TXML,McLennan County TX
48311,TXMM,McMullen County TX
48313,TXMA,Madison County TX
48315,TXMR,Marion County TX
48317,TXMT,Martin County TX
48319,TXMS,Mason County TX
48321,TXMG,Matagorda County TX
48323,TXMV,Maverick County TX
48325,TXME,Medina County TX
48327,TXMN,Menard County TX
48329,TXMI,Midland County TX
48331,TXMO,Milam County TX
48333,TXMU,Mills County TX
48335,TXMH,Mitchell County TX
48337,TXMY,Montague County TX
48339,TXMX,Montgomery County TX
48341,TXM1,Moore County TX
48343,TXM2,Morris County TX
48345,TXM3,Motley County TX
48347,TXNA,Nacogdoches County TX
48349,TXNV,Navarro County TX
48351,TXNE,Newton County TX
48353,TXNO,Nolan County TX
48355,TXNU,Nueces County TX
48357,TXOC,Ochiltree County TX
48359,TXOL,Oldham County TX
48361,TXOR,Orange County TX
48363,TXPA,Palo Pinto County TX
48365,TXPN,Panola County TX
48367,TXPR,Parker County TX
48369,TXPM,Parmer County TX
48371,TXPE,Pecos County TX
48373,TXPO,Polk County TX
48375,TXPT,Potter County TX
48377,TXPS,Presidio County TX
48379,TXRA,Rains County TX
48381,TXRN,Randall County TX
48383,TXRE,Reagan County TX
48385,TXRL,Real County TX
48387,TXRD,Red River County TX
48389,TXRV,Reeves County TX
48391,TXRF,Refugio County TX
48393,TXRO,Roberts County TX
48395,TXRB,Robertson County TX
48397,TXRC,Rockwall County TX
48399,TXRU,Runnels County TX
48401,TXRS,Rusk County TX
48403,TXSA,Sabine County TX
48405,TXSN,San Augustine County TX
48407,TXSJ,San Jacinto County TX
48409,TXSP,San Patricio County TX
48411,TXSS,San Saba County TX
48413,TXSC,Schleicher County TX
48415,TXSU,Scurry County TX
48417,TXSH,Shackelford County TX
48419,TXSE,Shelby County TX
48421,TXSR,Sherman County TX
48423,TXSM,Smith County TX
48425,TXSO,Somervell County TX
48427,TXST,Starr County TX
48429,TXSY,Stephens County TX
48431,TXSL,Sterling County TX
48433,TXSW,Stonewall County TX
48435,TXSX,Sutton County TX
48437,TXSI,Swisher County TX
48439,TXTA,Tarrant County TX
48441,TXTY,Taylor County TX
48443,TXTE,Terrell County TX
48445,TXTR,Terry County TX
48447,TXTH,Throckmorton County TX
48449,TXTI,Titus County TX
48451,TXTO,Tom Green County TX
48453,TXTV,Travis County TX
48455,TXTN,Trinity County TX
48457,TXTL,Tyler County TX
48459,TXUP,Upshur County TX
48461,TXUT,Upton County TX
48463,TXUV,Uvalde County TX
48465,TXVA,Val Verde County TX
48467,TXVN,Van Zandt County TX
48469,TXVI,Victoria County TX
48471,TXWA,Walker County TX
48473,TXWL,Waller County TX
48475,TXWR,Ward County TX
48477,TXWS,Washington County TX
48479,TXWE,Webb County TX
48481,TXWH,Wharton County TX
48483,TXWC,Wheeler County TX
48485,TXWI,Wichita County TX
48487,TXWB,Wilbarger County TX
48489,TXWY,Willacy County TX
48491,TXWM,Williamson County TX
48493,TXWO,Wilson County TX
48495,TXWN,Winkler County TX
48497,TXWU,Wise County TX
48499,TXWD,Wood County TX
48501,TXYO,Yoakum County TX
48503,TXYU,Young County TX
48505,TXZA,Zapata County TX
48507,TXZV,Zavala County TX
49001,UTBE,Beaver County UT
49003,UTBO,Box Elder County UT
49005,UTCA,Cache County UT
49007,UTCR,Carbon County UT
49009,UTDA,Daggett County UT
49011,UTDV,Davis County UT
49013,UTDU,Duchesne County UT
49015,UTEM,Emery County UT
49017,UTGA,Garfield County UT
49019,UTGR,Grand County UT
49021,UTIR,Iron County UT
49023,UTJU,Juab County UT
49025,UTKA,Kane County UT
49027,UTMI,Millard County UT
49029,UTMO,Morgan County UT
49031,UTPI,Piute County UT
49033,UTRI,Rich County UT
49035,UTSA,Salt Lake County UT
49037,UTSN,San Juan County UT
49039,UTSP,Sanpete County UT
49041,UTSE,Sevier County UT
49043,UTSU,Summit County UT
49045,UTTO,Tooele County UT
49047,UTUI,Uintah County UT
49049,UTUT,Utah County UT
49051,UTWA,Wasatch County UT
49053,UTWS,Washington County UT
49055,UTWY,Wayne County UT
49057,UTWE,Weber County UT
50001,VTAD,Addison County VT
50003,VTBE,Bennington County VT
50005,VTCA,Caledonia County VT
50007,VTCH,Chittenden County VT
50009,VTES,Essex County VT
50011,VTFR,Franklin County VT
50013,VTGR,Grand Isle County VT
50015,VTLA,Lamoille County VT
50017,VTOR,Orange County VT
50019,VTOL,Orleans County VT
50021,VTRU,Rutland County VT
50023,VTWA,Washington County VT
50025,VTWI,Windham County VT
50027,VTWN,Windsor County VT
51001,VAAC,Accomack County VA
51003,VAAA,Albemarle County VA
51005,VAAD,Alleghany County VA
51007,VAAM,Amelia County VA
51009,VAAH,Amherst County VA
51011,VAAP,Appomattox County VA
51013,VAAR,Arlington County VA
51015,VAAF,Augusta County VA
51017,VABA,Bath County VA
51019,VABB,Bedford County VA
51021,VABL,Bland County VA
51023,VABO,Botetourt County VA
51025,VABR,Brunswick County VA
51027,VABU,Buchanan County VA
51029,VABC,Buckingham County VA
51031,VACB,Campbell County VA
51033,VACA,Caroline County VA
51035,VACD,Carroll County VA
51036,VACH,Charles City County VA
51037,VACR,Charlotte County VA
51041,VACE,Chesterfield County VA
51043,VACL,Clarke County VA
51045,VACI,Craig County VA
51047,VACU,Culpeper County VA
51049,VACM,Cumberland County VA
51051,VADI,Dickenson County VA
51053,VADW,Dinwiddie County VA
51057,VAES,Essex County VA
51059,VAFF,Fairfax County VA
51061,VAFA,Fauquier County VA
51063,VAFL,Floyd County VA
51065,VAFU,Fluvanna County VA
51067,VAFR,Franklin County VA
51069,VAFK,Frederick County VA
51071,VAGI,Giles County VA
51073,VAGL,Gloucester County VA
51075,VAGO,Goochland County VA
51077,VAGR,Grayson County VA
51079,VAGE,Greene County VA
51081,VAGS,Greensville County VA
51083,VAHF,Halifax County VA
51085,VAHA,Hanover County VA
51087,VAHE,Henrico County VA
51089,VAHR,Henry County VA
51091,VAHI,Highland County VA
51093,VAIS,Isle of Wight County VA
51095,VAJC,James City County VA
51097,VAKI,King and Queen County VA
51099,VAKN,King George County VA
51101,VAKG,King William County VA
51103,VALA,Lancaster County VA
51105,VALE,Lee County VA
51107,VALO,Loudoun County VA
51109,VALU,Louisa County VA
51111,VALN,Lunenburg County VA
51113,VAMA,Madison County VA
51115,VAMT,Mathews County VA
51117,VAME,Mecklenburg County VA
51119,VAMI,Middlesex County VA
51121,VAMG,Montgomery County VA
51125,VANE,Nelson County VA
51127,VANW,New Kent County VA
51131,VANO,Northampton County VA
51133,VANR,Northumberland County VA
51135,VANT,Nottoway County VA
51137,VAOR,Orange County VA
51139,VAPA,Page County VA
51141,VAPT,Patrick County VA
51143,VAPY,Pittsylvania County VA
51145,VAPO,Powhatan County VA
51147,VAPR,Prince Edward County VA
51149,VAPC,Prince George County VA
51153,VAPM,Prince William County VA
51155,VAPU,Pulaski County VA
51157,VARA,Rappahannock County VA
51159,VARI,Richmond County VA
51161,VARE,Roanoke County VA
51163,VARB,Rockbridge County VA
51165,VARM,Rockingham County VA
51167,VARU,Russell County VA
51169,VASC,Scott County VA
51171,VASH,Shenandoah County VA
51173,VASM,Smyth County VA
51175,VASN,Southampton County VA
51177,VASA,Spotsylvania County VA
51179,VAST,Stafford County VA
51181,VASU,Surry County VA
51183,VASS,Sussex County VA
51185,VATA,Tazewell County VA
51187,VAWA,Warren County VA
51191,VAWH,Washington County VA
51193,VAWE,Westmoreland County VA
51195,VAWW,Wise County VA
51197,VAWY,Wythe County VA
51199,VAYR,York County VA
51510,VAAL,Alexandria (Indep. City) County VA
51515,VABD,Bedford County VA
51520,VABQ,Bristol County VA
51530,VABV,Buena Vista County VA
51540,VACV,Charlottesville County VA
51550,VACS,Chesapeake (Indep. City) County VA
51560,VACF,Clifton Forge County VA
51570,VACN,Colonial Heights County VA
51580,VACG,Covington County VA
51590,VADA,Danville County VA
51595,VAEM,Emporia County VA
51600,VAFX,Fairfax County VA
51610,VAFH,Falls Church County VA
51620,VAFN,Franklin County VA
51630,VAFD,Fredericksburg County VA
51640,VAGX,Galax County VA
51650,VAHM,Hampton (Independent City) County VA
51660,VAHB,Harrisonburg County VA
51670,VAHW,Hopewell County VA
51678,VALX,Lexington County VA
51680,VALY,Lynchburg County VA
51683,VAMN,Manassas County VA
51685,VAMS,Manassas Park County VA
51690,VAMV,Martinsville County VA
51700,VANP,Newport News (Indep. City) Cnty VA
51710,VANF,Norfolk (Independent City) County VA
51720,VANA,Norton County VA
51730,VAPG,Petersburg County VA
51735,VAPQ,Poquoson County VA
51740,VAPS,Portsmouth (Indep. City) County VA
51750,VARD,Radford County VA
51760,VARC,Richmond (Independent City) County VA
51770,VARO,Roanoke (Independent City) County VA
51775,VASL,Salem County VA
51790,VASQ,Staunton County VA
51800,VASF,Suffolk (Independent City) County VA
51810,VAVI,Virginia Beach (Indep. City) Cnty VA
51820,VAWO,Waynesboro County VA
51830,VAWL,Williamsburg County VA
51840,VAWC,Winchester County VA
53001,WAAD,Adams County WA
53003,WAAS,Asotin County WA
53005,WABE,Benton County WA
53007,WACH,Chelan County WA
53009,WACL,Clallam County WA
53011,WACA,Clark County WA
53013,WACO,Columbia County WA
53015,WACW,Cowlitz County WA
53017,WADO,Douglas County WA
53019,WAFE,Ferry County WA
53021,WAFR,Franklin County WA
53023,WAGA,Garfield County WA
53025,WAGR,Grant County WA
53027,WAGY,Grays Harbor County WA
53029,WAIS,Island County WA
53031,WAJE,Jefferson County WA
53033,WAKI,King County WA
53035,WAKT,Kitsap County WA
53037,WAKA,Kittitas County WA
53039,WAKL,Klickitat County WA
53041,WALE,Lewis County WA
53043,WALI,Lincoln County WA
53045,WAMA,Mason County WA
53047,WAOK,Okanogan County WA
53049,WAPA,Pacific County WA
53051,WAPE,Pend Oreille County WA
53053,WAPI,Pierce County WA
53055,WASA,San Juan County WA
53057,WASK,Skagit County WA
53059,WASM,Skamania County WA
53061,WASN,Snohomish County WA
53063,WASP,Spokane County WA
53065,WAST,Stevens County WA
53067,WATH,Thurston County WA
53069,WAWA,Wahkiakum County WA
53071,WAWL,Walla Walla County WA
53073,WAWH,Whatcom County WA
53075,WAWI,Whitman County WA
53077,WAYA,Yakima County WA
51901,VAAB,"Albemarle + Charlottesville County, VA"
51903,VAAE,"Alleghany + Covington County, VA"
51907,VAAU,"Augusta County, Staunton + Waynesboro County, VA"
51913,VACO,"Carroll + Galax County, VA"
51911,VACP,"Campbell + Lynchburg County, VA"
51918,VADN,"Dinwiddie County, Colonial Heights+Petersburg County, VA"
51921,VAFE,"Frederick + Winchester County, VA"
51919,VAFI,"Fairfax County, Fairfax City + Falls Church County, VA"
51923,VAGN,"Greensville + Emporia County, VA"
51929,VAHN,"Henry + Martinsville County, VA"
51931,VAJA,"James City + Williamsburg County, VA"
51933,VAMO,"Montgomery + Radford County, VA"
51939,VAPI,"Pittsylvania + Danville County, VA"
51941,VAPN,"Prince George + Hopewell County, VA"
51942,VAPW,"Prince William County, Manassas+Manassas Park County, VA"
51947,VARG,"Rockingham + Harrisonburg County, VA"
51945,VARK,"Rockbridge County, Buena Vista + Lexington County, VA"
51944,VARN,"Roanoke + Salem County, VA"
51949,VASO,"Southampton + Franklin County, VA"
51951,VASP,"Spotsylvania + Fredericksburg County, VA"
51955,VAWI,"Wise + Norton County, VA"
51953,VAWS,"Washington + Bristol County, VA"
51958,VAYO,"York + Poquoson County, VA"
51925,VAHL,"Halifax + South Boston County, VA"
54001,WVBA,Barbour County WV
54003,WVBE,Berkeley County WV
54005,WVBO,Boone County WV
54007,WVBR,Braxton County WV
54009,WVBK,Brooke County WV
54011,WVCA,Cabell County WV
54013,WVCL,Calhoun County WV
54015,WVCY,Clay County WV
54017,WVDO,Doddridge County WV
54019,WVFA,Fayette County WV
54021,WVGI,Gilmer County WV
54023,WVGR,Grant County WV
54025,WVGE,Greenbrier County WV
54027,WVHA,Hampshire County WV
54029,WVHN,Hancock County WV
54031,WVHR,Hardy County WV
54033,WVHI,Harrison County WV
54035,WVJA,Jackson County WV
54037,WVJE,Jefferson County WV
54039,WVKA,Kanawha County WV
54041,WVLE,Lewis County WV
54043,WVLI,Lincoln County WV
54045,WVLO,Logan County WV
54047,WVMC,McDowell County WV
54049,WVMA,Marion County WV
54051,WVMR,Marshall County WV
54053,WVMS,Mason County WV
54055,WVME,Mercer County WV
54057,WVMI,Mineral County WV
54059,WVMN,Mingo County WV
54061,WVMO,Monongalia County WV
54063,WVMU,Monroe County WV
54065,WVMG,Morgan County WV
54067,WVNI,Nicholas County WV
54069,WVOH,Ohio County WV
54071,WVPE,Pendleton County WV
54073,WVPL,Pleasants County WV
54075,WVPO,Pocahontas County WV
54077,WVPR,Preston County WV
54079,WVPU,Putnam County WV
54081,WVRA,Raleigh County WV
54083,WVRN,Randolph County WV
54085,WVRI,Ritchie County WV
54087,WVRO,Roane County WV
54089,WVSU,Summers County WV
54091,WVTA,Taylor County WV
54093,WVTU,Tucker County WV
54095,WVTY,Tyler County WV
54097,WVUP,Upshur County WV
54099,WVWA,Wayne County WV
54101,WVWE,Webster County WV
54103,WVWT,Wetzel County WV
54105,WVWI,Wirt County WV
54107,WVWO,Wood County WV
54109,WVWY,Wyoming County WV
55001,WIAD,Adams County WI
55003,WIAS,Ashland County WI
55005,WIBA,Barron County WI
55007,WIBY,Bayfield County WI
55009,WIBR,Brown County WI
55011,WIBU,Buffalo County WI
55013,WIBN,Burnett County WI
55015,WICA,Calumet County WI
55017,WICH,Chippewa County WI
55019,WICL,Clark County WI
55021,WICO,Columbia County WI
55023,WICR,Crawford County WI
55025,WIDA,Dane County WI
55027,WIDO,Dodge County WI
55029,WIDR,Door County WI
55031,WIDU,Douglas County WI
55033,WIDN,Dunn County WI
55035,WIEA,Eau Claire County WI
55037,WIFL,Florence County WI
55039,WIFO,Fond Du Lac County WI
55041,WIFR,Forest County WI
55043,WIGR,Grant County WI
55045,WIGE,Green County WI
55047,WIGN,Green Lake County WI
55049,WIIO,Iowa County WI
55051,WIIR,Iron County WI
55053,WIJA,Jackson County WI
55055,WIJE,Jefferson County WI
55057,WIJU,Juneau County WI
55059,WIKE,Kenosha County WI
55061,WIKW,Kewaunee County WI
55063,WILA,La Crosse County WI
55065,WILF,Lafayette County WI
55067,WILN,Langlade County WI
55069,WILI,Lincoln County WI
55071,WIMA,Manitowoc County WI
55073,WIMR,Marathon County WI
55075,WIMI,Marinette County WI
55077,WIMQ,Marquette County WI
55078,WIMM,Menominee County WI
55079,WIML,Milwaukee County WI
55081,WIMO,Monroe County WI
55083,WIOC,Oconto County WI
55085,WION,Oneida County WI
55087,WIOU,Outagamie County WI
55089,WIOZ,Ozaukee County WI
55091,WIPE,Pepin County WI
55093,WIPI,Pierce County WI
55095,WIPO,Polk County WI
55097,WIPR,Portage County WI
55099,WIPC,Price County WI
55101,WIRA,Racine County WI
55103,WIRI,Richland County WI
55105,WIRO,Rock County WI
55107,WIRU,Rusk County WI
55109,WIST,St. Croix County WI
55111,WISA,Sauk County WI
55113,WISW,Sawyer County WI
55115,WISO,Shawano County WI
55117,WISH,Sheboygan County WI
55119,WITA,Taylor County WI
55121,WITR,Trempealeau County WI
55123,WIVE,Vernon County WI
55125,WIVI,Vilas County WI
55127,WIWA,Walworth County WI
55129,WIWS,Washburn County WI
55131,WIWH,Washington County WI
55133,WIWU,Waukesha County WI
55135,WIWP,Waupaca County WI
55137,WIWR,Waushara County WI
55139,WIWI,Winnebago County WI
55141,WIWO,Wood County WI
56001,WYAL,Albany County WY
56003,WYBI,Big Horn County WY
56005,WYCA,Campbell County WY
56007,WYCR,Carbon County WY
56009,WYCO,Converse County WY
56011,WYCK,Crook County WY
56013,WYFR,Fremont County WY
56015,WYGO,Goshen County WY
56017,WYHO,Hot Springs County WY
56019,WYJO,Johnson County WY
56021,WYLA,Laramie County WY
56023,WYLI,Lincoln County WY
56025,WYNA,Natrona County WY
56027,WYNI,Niobrara County WY
56029,WYPA,Park County WY
56031,WYPL,Platte County WY
56033,WYSH,Sheridan County WY
56035,WYSU,Sublette County WY
56037,WYSW,Sweetwater County WY
56039,WYTE,Teton County WY
56041,WYUI,Uinta County WY
56043,WYWA,Washakie County WY
56045,WYWE,Weston County WY