cbsa_cd,cbsa_abbr,cbsa_name
00000,US,United States
10540,ABB,"Albany, OR (MSA)"
10180,ABL,"Abilene, TX (MSA)"
12220,ABO,"Auburn-Opelika, AL (MSA)"
10740,ABQ,"Albuquerque, NM (MSA)"
12100,ACT,"Atlantic City-Hammonton, NJ (MSA)"
10380,AGD,"Aguadilla-Isabela, PR (MSA)"
10420,AKR,"Akron, OH (MSA)"
10580,ALB,"Albany-Schenectady-Troy, NY (MSA)"
10500,ALG,"Albany, GA (MSA)"
10900,ALL,"Allentown-Bethlehem-Easton, PA-NJ (MSA)"
11020,ALT,"Altoona, PA (MSA)"
10780,ALX,"Alexandria, LA (MSA)"
11100,AMA,"Amarillo, TX (MSA)"
11180,AME,"Ames, IA (MSA)"
11460,ANA,"Ann Arbor, MI (MSA)"
11260,ANC,"Anchorage, AK (MSA)"
11500,ANN,"Anniston-Oxford-Jacksonville, AL (MSA)"
11540,APL,"Appleton, WI (MSA)"
11640,ARE,"Arecibo, PR (MSA)"
11700,ASH,"Asheville, NC (MSA)"
12020,ATH,"Athens-Clarke County, GA (MSA)"
12060,ATL,"Atlanta-Sandy Springs-Roswell, GA (MSA)"
12260,AUG,"Augusta-Richmond County, GA-SC (MSA)"
12420,AUS,"Austin-Round Rock, TX (MSA)"
12540,BAK,"Bakersfield, CA (MSA)"
12620,BAN,"Bangor, ME (MSA)"
12980,BCE,"Battle Creek, MI (MSA)"
13220,BCK,"Beckley, WV (MSA)"
13980,BCR,"Blacksburg-Christiansburg-Radford, VA (MSA)"
13020,BCT,"Bay City, MI (MSA)"
13740,BIL,"Billings, MT (MSA)"
13780,BIN,"Binghamton, NY (MSA)"
13820,BIR,"Birmingham-Hoover, AL (MSA)"
13900,BIZ,"Bismarck, ND (MSA)"
14100,BLB,"Bloomsburg-Berwick, PA (MSA)"
13380,BLL,"Bellingham, WA (MSA)"
14020,BLM,"Bloomington, IN (MSA)"
14010,BLO,"Bloomington, IL (MSA)"
25060,BLX,"Gulfport-Biloxi-Pascagoula, MS (MSA)"
13140,BMT,"Beaumont-Port Arthur, TX (MSA)"
13460,BND,"Bend-Redmond, OR (MSA)"
35660,BNH,"Niles-Benton Harbor, MI (MSA)"
14260,BOI,"Boise City, ID (MSA)"
14500,BOL,"Boulder, CO (MSA)"
14460,BOS,"Boston-Cambridge-Newton, MA-NH (MSA)"
14540,BOW,"Bowling Green, KY (MSA)"
14860,BRG,"Bridgeport-Stamford-Norwalk, CT (MSA)"
14740,BRM,"Bremerton-Silverdale, WA (MSA)"
17780,BRN,"College Station-Bryan, TX (MSA)"
15260,BRU,"Brunswick, GA (MSA)"
12580,BTM,"Baltimore-Columbia-Towson, MD (MSA)"
12940,BTR,"Baton Rouge, LA (MSA)"
15380,BUF,"Buffalo-Cheektowaga-Niagara Falls, NY (MSA)"
15500,BUR,"Burlington, NC (MSA)"
15540,BUV,"Burlington-South Burlington, VT (MSA)"
15180,BVL,"Brownsville-Harlingen, TX (MSA)"
12700,BYM,"Barnstable Town, MA (MSA)"
15940,CAN,"Canton-Massillon, OH (MSA)"
16180,CAR,"Carson City, NV (MSA)"
17900,CBA,"Columbia, SC (MSA)"
17980,CBS,"Columbus, GA-AL (MSA)"
17660,CDA,"Coeur d'Alene, ID (MSA)"
16300,CDR,"Cedar Rapids, IA (MSA)"
16020,CGJ,"Cape Girardeau, MO-IL (MSA)"
16740,CGR,"Charlotte-Concord-Gastonia, NC-SC (MSA)"
16540,CHB,"Chambersburg-Waynesboro, PA (MSA)"
17020,CHC,"Chico, CA (MSA)"
16980,CHI,"Chicago-Naperville-Elgin, IL-IN-WI (MSA)"
16820,CHL,"Charlottesville, VA (MSA)"
16580,CHM,"Champaign-Urbana, IL (MSA)"
16620,CHR,"Charleston, WV (MSA)"
16860,CHT,"Chattanooga, TN-GA (MSA)"
16940,CHY,"Cheyenne, WY (MSA)"
18020,CIN,"Columbus, IN (MSA)"
17300,CLH,"Clarksville, TN-KY (MSA)"
17860,CLM,"Columbia, MO (MSA)"
17820,CLR,"Colorado Springs, CO (MSA)"
17420,CLV,"Cleveland, TN (MSA)"
19060,CMB,"Cumberland, MD-WV (MSA)"
18140,COL,"Columbus, OH (MSA)"
18580,CPC,"Corpus Christi, TX (MSA)"
16060,CRB,"Carbondale-Marion, IL (MSA)"
16700,CRL,"Charleston-North Charleston, SC (MSA)"
18700,CRV,"Corvallis, OR (MSA)"
16220,CSP,"Casper, WY (MSA)"
17140,CTI,"Cincinnati, OH-KY-IN (MSA)"
17460,CVL,"Cleveland-Elyria, OH (MSA)"
15680,CXP,"California-Lexington Park, MD (MSA)"
19300,DAF,"Daphne-Fairhope-Foley, AL (MSA)"
19140,DAL,"Dalton, GA (MSA)"
19460,DCT,"Decatur, AL (MSA)"
19660,DDO,"Deltona-Daytona Beach-Ormond Beach, FL (MSA)"
19500,DEC,"Decatur, IL (MSA)"
19780,DEM,"Des Moines-West Des Moines, IA (MSA)"
19100,DFW,"Dallas-Fort Worth-Arlington, TX (MSA)"
19180,DNE,"Danville, IL (MSA)"
19740,DNV,"Denver-Aurora-Lakewood, CO (MSA)"
20020,DOT,"Dothan, AL (MSA)"
19340,DRM,"Davenport-Moline-Rock Island, IA-IL (MSA)"
20220,DUB,"Dubuque, IA (MSA)"
20260,DUL,"Duluth, MN-WI (MSA)"
20100,DVR,"Dover, DE (MSA)"
19820,DWL,"Detroit-Warren-Dearborn, MI (MSA)"
19380,DYT,"Dayton, OH (MSA)"
20940,ELC,"El Centro, CA (MSA)"
21140,ELK,"Elkhart-Goshen, IN (MSA)"
21300,ELM,"Elmira, NY (MSA)"
21340,ELP,"El Paso, TX (MSA)"
21060,ELZ,"Elizabethtown-Fort Knox, KY (MSA)"
21500,ERI,"Erie, PA (MSA)"
20700,EST,"East Stroudsburg, PA (MSA)"
21660,EUG,"Eugene, OR (MSA)"
20740,EVC,"Eau Claire, WI (MSA)"
21780,EVN,"Evansville, IN-KY (MSA)"
22020,FAR,"Fargo, ND-MN (MSA)"
22220,FAS,"Fayetteville-Springdale-Rogers, AR-MO (MSA)"
22180,FAY,"Fayetteville, NC (MSA)"
21820,FBK,"Fairbanks, AK (MSA)"
22660,FCL,"Fort Collins, CO (MSA)"
22540,FDL,"Fond du Lac, WI (MSA)"
22380,FLG,"Flagstaff, AZ (MSA)"
22520,FLO,"Florence-Muscle Shoals, AL (MSA)"
22420,FLT,"Flint, MI (MSA)"
22140,FMT,"Farmington, NM (MSA)"
38940,FPR,"Port St. Lucie, FL (MSA)"
23420,FRE,"Fresno, CA (MSA)"
22500,FRN,"Florence, SC (MSA)"
15980,FTM,"Cape Coral-Fort Myers, FL (MSA)"
22900,FTS,"Fort Smith, AR-OK (MSA)"
23060,FWA,"Fort Wayne, IN (MSA)"
18880,FWB,"Crestview-Fort Walton Beach-Destin, FL (MSA)"
23460,GAD,"Gadsden, AL (MSA)"
23580,GAI,"Gainesville, GA (MSA)"
24500,GFL,"Great Falls, MT (MSA)"
24020,GLN,"Glens Falls, NY (MSA)"
24580,GNB,"Green Bay, WI (MSA)"
24660,GNS,"Greensboro-High Point, NC (MSA)"
24860,GNV,"Greenville-Anderson-Mauldin, SC (MSA)"
24780,GRE,"Greenville, NC (MSA)"
24220,GRF,"Grand Forks, ND-MN (MSA)"
24260,GRI,"Grand Island, NE (MSA)"
24300,GRJ,"Grand Junction, CO (MSA)"
24540,GRL,"Greeley, CO (MSA)"
24140,GRO,"Goldsboro, NC (MSA)"
24420,GRP,"Grants Pass, OR (MSA)"
24340,GRR,"Grand Rapids-Wyoming, MI (MSA)"
23900,GTY,"Gettysburg, PA (MSA)"
23540,GVL,"Gainesville, FL (MSA)"
25020,GYM,"Guayama, PR (MSA)"
25220,HAM,"Hammond, LA (MSA)"
25420,HAR,"Harrisburg-Carlisle, PA (MSA)"
25620,HAT,"Hattiesburg, MS (MSA)"
25500,HAV,"Harrisonburg, VA (MSA)"
25980,HFS,"Hinesville, GA (MSA)"
25180,HGM,"Hagerstown-Martinsburg, MD-WV (MSA)"
25940,HHI,"Hilton Head Island-Bluffton-Beaufort, SC (MSA)"
25860,HIC,"Hickory-Lenoir-Morganton, NC (MSA)"
26580,HNA,"Huntington-Ashland, WV-KY-OH (MSA)"
25260,HNC,"Hanford-Corcoran, CA (MSA)"
26140,HOM,"Homosassa Springs, FL (MSA)"
26380,HOU,"Houma-Thibodaux, LA (MSA)"
26300,HSP,"Hot Springs, AR (MSA)"
25540,HTF,"Hartford-West Hartford-East Hartford, CT (MSA)"
26420,HTN,"Houston-The Woodlands-Sugar Land, TX (MSA)"
26620,HUN,"Huntsville, AL (MSA)"
26820,IDF,"Idaho Falls, ID (MSA)"
26900,IND,"Indianapolis-Carmel-Anderson, IN (MSA)"
26980,IOC,"Iowa City, IA (MSA)"
27060,ITH,"Ithaca, NY (MSA)"
27180,JAC,"Jackson, TN (MSA)"
27100,JAK,"Jackson, MI (MSA)"
27140,JAS,"Jackson, MS (MSA)"
27260,JAX,"Jacksonville, FL (MSA)"
27340,JCV,"Jacksonville, NC (MSA)"
27620,JEF,"Jefferson City, MO (MSA)"
27780,JHN,"Johnstown, PA (MSA)"
27740,JKD,"Johnson City, TN (MSA)"
27500,JNB,"Janesville-Beloit, WI (MSA)"
27900,JOP,"Joplin, MO (MSA)"
27860,JOR,"Jonesboro, AR (MSA)"
28020,KAL,"Kalamazoo-Portage, MI (MSA)"
28100,KAN,"Kankakee, IL (MSA)"
27980,KAW,"Kahului-Wailuku-Lahaina, HI (MSA)"
28740,KGN,"Kingston, NY (MSA)"
28660,KIL,"Killeen-Temple, TX (MSA)"
28700,KIN,"Kingsport-Bristol-Bristol, TN-VA (MSA)"
28140,KNC,"Kansas City, MO-KS (MSA)"
28940,KNX,"Knoxville, TN (MSA)"
29020,KOK,"Kokomo, IN (MSA)"
29540,LAC,"Lancaster, PA (MSA)"
29620,LAN,"Lansing-East Lansing, MI (MSA)"
30020,LAT,"Lawton, OK (MSA)"
29940,LAW,"Lawrence, KS (MSA)"
31180,LBK,"Lubbock, TX (MSA)"
29340,LCH,"Lake Charles, LA (MSA)"
29100,LCR,"La Crosse-Onalaska, WI-MN (MSA)"
30140,LEB,"Lebanon, PA (MSA)"
29700,LEO,"Laredo, TX (MSA)"
30300,LEW,"Lewiston, ID-WA (MSA)"
30460,LEX,"Lexington-Fayette, KY (MSA)"
29180,LFT,"Lafayette, LA (MSA)"
31020,LGK,"Longview, WA (MSA)"
30980,LGM,"Longview, TX (MSA)"
30620,LIM,"Lima, OH (MSA)"
30700,LIN,"Lincoln, NE (MSA)"
29420,LKH,"Lake Havasu City-Kingman, AZ (MSA)"
31080,LNA,"Los Angeles-Long Beach-Anaheim, CA (MSA)"
30860,LOG,"Logan, UT-ID (MSA)"
31140,LOI,"Louisville/Jefferson County, KY-IN (MSA)"
30780,LRS,"Little Rock-North Little Rock-Conway, AR (MSA)"
29740,LSC,"Las Cruces, NM (MSA)"
29820,LSV,"Las Vegas-Henderson-Paradise, NV (MSA)"
30340,LWA,"Lewiston-Auburn, ME (MSA)"
29460,LWH,"Lakeland-Winter Haven, FL (MSA)"
29200,LWL,"Lafayette-West Lafayette, IN (MSA)"
31340,LYN,"Lynchburg, VA (MSA)"
31420,MAC,"Macon, GA (MSA)"
31460,MAD,"Madera, CA (MSA)"
31900,MAN,"Mansfield, OH (MSA)"
32420,MAY,"Mayaguez, PR (MSA)"
32580,MCL,"McAllen-Edinburg-Mission, TX (MSA)"
33140,MCP,"Michigan City-La Porte, IN (MSA)"
31540,MDS,"Madison, WI (MSA)"
33260,MDT,"Midland, TX (MSA)"
32780,MED,"Medford, OR (MSA)"
37340,MEL,"Palm Bay-Melbourne-Titusville, FL (MSA)"
31740,MHT,"Manhattan, KS (MSA)"
33220,MID,"Midland, MI (MSA)"
33540,MIL,"Missoula, MT (MSA)"
33100,MIM,"Miami-Fort Lauderdale-West Palm Beach, FL (MSA)"
31860,MKT,"Mankato-North Mankato, MN (MSA)"
31700,MNH,"Manchester-Nashua, NH (MSA)"
33780,MNM,"Monroe, MI (MSA)"
34740,MNS,"Muskegon, MI (MSA)"
33660,MOB,"Mobile, AL (MSA)"
33700,MOD,"Modesto, CA (MSA)"
33860,MON,"Montgomery, AL (MSA)"
32820,MPH,"Memphis, TN-MS-AR (MSA)"
32900,MRC,"Merced, CA (MSA)"
33740,MRE,"Monroe, LA (MSA)"
34100,MRT,"Morristown, TN (MSA)"
34060,MRW,"Morgantown, WV (MSA)"
33460,MSP,"Minneapolis-St. Paul-Bloomington, MN-WI (MSA)"
34620,MUN,"Muncie, IN (MSA)"
34580,MVA,"Mount Vernon-Anacortes, WA (MSA)"
33340,MWK,"Milwaukee-Waukesha-West Allis, WI (MSA)"
34820,MYR,"Myrtle Beach-Conway-North Myrtle Beach, SC-NC (MSA)"
34900,NAP,"Napa, CA (MSA)"
47260,NFK,"Virginia Beach-Norfolk-Newport News, VA-NC (MSA)"
35300,NHM,"New Haven-Milford, CT (MSA)"
35980,NLO,"Norwich-New London, CT (MSA)"
35380,NOR,"New Orleans-Metairie, LA (MSA)"
34940,NPL,"Naples-Immokalee-Marco Island, FL (MSA)"
34980,NVL,"Nashville-Davidson-Murfreesboro-Franklin, TN (MSA)"
35100,NWB,"New Bern, NC (MSA)"
35620,NYT,"New York-Newark-Jersey City, NY-NJ-PA (MSA)"
36140,OCI,"Ocean City, NJ (MSA)"
36100,OCL,"Ocala, FL (MSA)"
36260,OCR,"Ogden-Clearfield, UT (MSA)"
36220,ODE,"Odessa, TX (MSA)"
36420,OKC,"Oklahoma City, OK (MSA)"
36500,OLY,"Olympia-Tumwater, WA (MSA)"
36540,OMA,"Omaha-Council Bluffs, NE-IA (MSA)"
36740,ORL,"Orlando-Kissimmee-Sanford, FL (MSA)"
36780,OSN,"Oshkosh-Neenah, WI (MSA)"
36980,OWN,"Owensboro, KY (MSA)"
37460,PAN,"Panama City, FL (MSA)"
38220,PBF,"Pine Bluff, AR (MSA)"
37980,PCW,"Philadelphia-Camden-Wilmington, PA-NJ-DE-MD (MSA)"
37860,PEN,"Pensacola-Ferry Pass-Brent, FL (MSA)"
37900,PEO,"Peoria, IL (MSA)"
39460,PGA,"Punta Gorda, FL (MSA)"
38060,PHX,"Phoenix-Mesa-Scottsdale, AZ (MSA)"
38300,PIT,"Pittsburgh, PA (MSA)"
37620,PKM,"Parkersburg-Vienna, WV (MSA)"
38540,POL,"Pocatello, ID (MSA)"
38660,PON,"Ponce, PR (MSA)"
38900,POR,"Portland-Vancouver-Hillsboro, OR-WA (MSA)"
39140,PRC,"Prescott, AZ (MSA)"
39300,PRI,"Providence-Warwick, RI-MA (MSA)"
39340,PRV,"Provo-Orem, UT (MSA)"
38860,PTL,"Portland-South Portland, ME (MSA)"
38340,PTS,"Pittsfield, MA (MSA)"
39380,PUE,"Pueblo, CO (MSA)"
39540,RAC,"Racine, WI (MSA)"
20500,RAD,"Durham-Chapel Hill, NC (MSA)"
40060,RCP,"Richmond, VA (MSA)"
39580,RCY,"Raleigh, NC (MSA)"
40420,RDC,"Rockford, IL (MSA)"
39820,RDD,"Redding, CA (MSA)"
39740,RDG,"Reading, PA (MSA)"
39900,REN,"Reno, NV (MSA)"
40220,RKE,"Roanoke, VA (MSA)"
40580,RKM,"Rocky Mount, NC (MSA)"
28420,RKP,"KenneWick-Richland, WA (MSA)"
40660,RME,"Rome, GA (MSA)"
40380,ROH,"Rochester, NY (MSA)"
40340,ROT,"Rochester, MN (MSA)"
39660,RPC,"Rapid City, SD (MSA)"
40140,RSB,"Riverside-San Bernardino-Ontario, CA (MSA)"
40980,SAG,"Saginaw, MI (MSA)"
41420,SAL,"Salem, OR (MSA)"
35840,SAR,"North Port-Sarasota-Bradenton, FL (MSA)"
41700,SAT,"San Antonio-New Braunfels, TX (MSA)"
42340,SAV,"Savannah, GA (MSA)"
43780,SBN,"South Bend-Mishawaka, IN-MI (MSA)"
41540,SBY,"Salisbury, MD-DE (MSA)"
44300,SCL,"State College, PA (MSA)"
42100,SCZ,"Santa Cruz-Watsonville, CA (MSA)"
41740,SDI,"San Diego-Carlsbad, CA (MSA)"
42700,SEB,"Sebring, FL (MSA)"
41860,SFC,"San Francisco-Oakland-Hayward, CA (MSA)"
41900,SGC,"San German, PR (MSA)"
43100,SHB,"Sheboygan, WI (MSA)"
43300,SHM,"Sherman-Denison, TX (MSA)"
43340,SHP,"Shreveport-Bossier City, LA (MSA)"
43580,SIC,"Sioux City, IA-NE-SD (MSA)"
41980,SJC,"San Juan-Carolina-Caguas, PR (MSA)"
41140,SJS,"St. Joseph, MO-KS (MSA)"
41620,SLC,"Salt Lake City, UT (MSA)"
42020,SLO,"San Luis Obispo-Paso Robles-Arroyo Grande, CA (MSA)"
42200,SMB,"Santa Maria-Santa Barbara, CA (MSA)"
41660,SNA,"San Angelo, TX (MSA)"
43900,SPB,"Spartanburg, SC (MSA)"
44140,SPD,"Springfield, MA (MSA)"
44220,SPG,"Springfield, OH (MSA)"
44180,SPI,"Springfield, MO (MSA)"
44060,SPK,"Spokane-Spokane Valley, WA (MSA)"
44100,SPR,"Springfield, IL (MSA)"
42220,SRO,"Santa Rosa, CA (MSA)"
41940,SSC,"San Jose-Sunnyvale-Santa Clara, CA (MSA)"
41500,SSM,"Salinas, CA (MSA)"
41060,STC,"St. Cloud, MN (MSA)"
42140,STF,"Santa Fe, NM (MSA)"
41100,STG,"St. George, UT (MSA)"
41180,STL,"St. Louis, MO-IL (MSA)"
44420,STN,"Staunton-Waynesboro, VA (MSA)"
44700,STO,"Stockton-Lodi, CA (MSA)"
42660,STW,"Seattle-Tacoma-Bellevue, WA (MSA)"
44940,SUM,"Sumter, SC (MSA)"
42680,SVB,"Sebastian-Vero Beach, FL (MSA)"
43420,SVD,"Sierra Vista-Douglas, AZ (MSA)"
42540,SWB,"Scranton-Wilkes-Barre-Hazleton, PA (MSA)"
43620,SXF,"Sioux Falls, SD (MSA)"
40900,SYO,"Sacramento-Roseville-Arden-Arcade, CA (MSA)"
45060,SYR,"Syracuse, NY (MSA)"
45220,TAL,"Tallahassee, FL (MSA)"
45500,TEX,"Texarkana, TX-AR (MSA)"
45460,THE,"Terre Haute, IN (MSA)"
45540,THV,"The Villages, FL (MSA)"
45300,TMA,"Tampa-St. Petersburg-Clearwater, FL (MSA)"
45780,TOL,"Toledo, OH (MSA)"
45820,TPK,"Topeka, KS (MSA)"
45940,TRT,"Trenton, NJ (MSA)"
46060,TUC,"Tucson, AZ (MSA)"
46140,TUL,"Tulsa, OK (MSA)"
46220,TUS,"Tuscaloosa, AL (MSA)"
46340,TYL,"Tyler, TX (MSA)"
46520,URH,"Urban Honolulu, HI (MSA)"
46540,UTA,"Utica-Rome, NY (MSA)"
37100,VEN,"Oxnard-Thousand Oaks-Ventura, CA (MSA)"
46700,VFR,"Vallejo-Fairfield, CA (MSA)"
47020,VIC,"Victoria, TX (MSA)"
47220,VIN,"Vineland-Bridgeton, NJ (MSA)"
46660,VLD,"Valdosta, GA (MSA)"
47300,VTP,"Visalia-Porterville, CA (MSA)"
47380,WAC,"Waco, TX (MSA)"
48140,WAS,"Wausau, WI (MSA)"
47940,WAT,"Waterloo-Cedar Falls, IA (MSA)"
49020,WCH,"Winchester, VA-WV (MSA)"
48260,WEU,"Weirton-Steubenville, WV-OH (MSA)"
48060,WFD,"Watertown-Fort Drum, NY (MSA)"
48540,WHL,"Wheeling, WV-OH (MSA)"
48620,WIC,"Wichita, KS (MSA)"
48660,WIF,"Wichita Falls, TX (MSA)"
48900,WLM,"Wilmington, NC (MSA)"
47460,WLW,"Walla Walla, WA (MSA)"
48300,WNC,"Wenatchee, WA (MSA)"
47580,WRR,"Warner Robins, GA (MSA)"
49180,WSA,"Winston-Salem, NC (MSA)"
47900,WSH,"Washington-Arlington-Alexandria, DC-VA-MD-WV (MSA)"
48700,WSP,"Williamsport, PA (MSA)"
49340,WST,"Worcester, MA-CT (MSA)"
49420,YAK,"Yakima, WA (MSA)"
49660,YNG,"Youngstown-Warren-Boardman, OH-PA (MSA)"
49620,YRK,"York-Hanover, PA (MSA)"
49700,YUB,"Yuba City, CA (MSA)"
49740,YUM,"Yuma, AZ (MSA)"
10100,ABD,"Aberdeen, SD Micropolitan SA"
10660,ABE,"Albert Lea, MN Micropolitan SA"
10620,ABM,"Albemarle, NC Micropolitan SA"
10700,ABT,"Albertville, AL Micropolitan SA"
10140,ABW,"Aberdeen, WA Micropolitan SA"
10220,ADA,"Ada, OK Micropolitan SA"
10260,ADJ,"Adjuntas, PR Micropolitan SA"
10300,ADR,"Adrian, MI Micropolitan SA"
10860,ALC,"Alice, TX Micropolitan SA"
10940,ALM,"Alma, MI Micropolitan SA"
10980,ALP,"Alpena, MI Micropolitan SA"
11060,ALU,"Altus, OK Micropolitan SA"
11140,AMC,"Americus, GA Micropolitan SA"
10460,AMG,"Alamogordo, NM Micropolitan SA"
11220,AMN,"Amsterdam, NY Micropolitan SA"
11420,ANG,"Angola, IN Micropolitan SA"
11380,ANW,"Andrews, TX Micropolitan SA"
11580,ARC,"Arcadia, FL Micropolitan SA"
11620,ARD,"Ardmore, OK Micropolitan SA"
11660,ARK,"Arkadelphia, AR Micropolitan SA"
11680,ARW,"Arkansas City-Winfield, KS Micropolitan SA"
11780,ASB,"Ashtabula, OH Micropolitan SA"
11740,ASL,"Ashland, OH Micropolitan SA"
11820,AST,"Astoria, OR Micropolitan SA"
11860,ATC,"Atchison, KS Micropolitan SA"
11940,ATN,"Athens, TN Micropolitan SA"
11900,ATO,"Athens, OH Micropolitan SA"
11980,ATT,"Athens, TX Micropolitan SA"
12140,AUB,"Auburn, IN Micropolitan SA"
12180,AUN,"Auburn, NY Micropolitan SA"
12380,AUT,"Austin, MN Micropolitan SA"
12300,AUW,"Augusta-Waterville, ME Micropolitan SA"
10820,AXN,"Alexandria, MN Micropolitan SA"
12740,BAR,"Barre, VT Micropolitan SA"
12900,BAT,"Batesville, AR Micropolitan SA"
12780,BAV,"Bartlesville, OK Micropolitan SA"
12460,BBG,"Bainbridge, GA Micropolitan SA"
12660,BBO,"Baraboo, WI Micropolitan SA"
12680,BDW,"Bardstown, KY Micropolitan SA"
13100,BEA,"Beatrice, NE Micropolitan SA"
13260,BED,"Bedford, IN Micropolitan SA"
13300,BEE,"Beeville, TX Micropolitan SA"
13420,BEJ,"Bemidji, MN Micropolitan SA"
13340,BEL,"Bellefontaine, OH Micropolitan SA"
13540,BEN,"Bennington, VT Micropolitan SA"
13620,BER,"Berlin, NH-VT Micropolitan SA"
13660,BGR,"Big Rapids, MI Micropolitan SA"
13700,BGS,"Big Spring, TX Micropolitan SA"
13720,BIS,"Big Stone Gap, VA Micropolitan SA"
15060,BKO,"Brookings, OR Micropolitan SA"
15100,BKS,"Brookings, SD Micropolitan SA"
13940,BLK,"Blackfoot, ID Micropolitan SA"
14140,BLU,"Bluefield, WV-VA Micropolitan SA"
14180,BLY,"Blytheville, AR Micropolitan SA"
13500,BNT,"Bennettsville, SC Micropolitan SA"
14220,BOG,"Bogalusa, LA Micropolitan SA"
14380,BON,"Boone, NC Micropolitan SA"
14340,BOO,"Boone, IA Micropolitan SA"
14420,BOR,"Borger, TX Micropolitan SA"
14580,BOZ,"Bozeman, MT Micropolitan SA"
14660,BRA,"Brainerd, MN Micropolitan SA"
14620,BRD,"Bradford, PA Micropolitan SA"
14720,BRE,"Breckenridge, CO Micropolitan SA"
14780,BRH,"Brenham, TX Micropolitan SA"
15020,BRK,"Brookhaven, MS Micropolitan SA"
14700,BRS,"Branson, MO Micropolitan SA"
14820,BRV,"Brevard, NC Micropolitan SA"
12820,BST,"Bastrop, LA Micropolitan SA"
12860,BTV,"Batavia, NY Micropolitan SA"
15340,BUC,"Bucyrus, OH Micropolitan SA"
15460,BUI,"Burlington, IA-IL Micropolitan SA"
15580,BUT,"Butte-Silver Bow, MT Micropolitan SA"
15420,BUY,"Burley, ID Micropolitan SA"
13180,BVD,"Beaver Dam, WI Micropolitan SA"
15220,BWW,"Brownwood, TX Micropolitan SA"
13060,BYC,"Bay City, TX Micropolitan SA"
15620,CAD,"Cadillac, MI Micropolitan SA"
15660,CAL,"Calhoun, GA Micropolitan SA"
15700,CAM,"Cambridge, MD Micropolitan SA"
16100,CBD,"Carlsbad-Artesia, NM Micropolitan SA"
16260,CDC,"Cedar City, UT Micropolitan SA"
16340,CDT,"Cedartown, GA Micropolitan SA"
16460,CEI,"Centralia, IL Micropolitan SA"
16380,CEL,"Celina, OH Micropolitan SA"
16500,CEW,"Centralia, WA Micropolitan SA"
17220,CKB,"Clarksburg, WV Micropolitan SA"
17260,CKD,"Clarksdale, MS Micropolitan SA"
18260,CKV,"Cookeville, TN Micropolitan SA"
17060,CLC,"Chillicothe, OH Micropolitan SA"
17380,CLE,"Cleveland, MS Micropolitan SA"
17540,CLI,"Clinton, IA Micropolitan SA"
17340,CLK,"Clearlake, CA Micropolitan SA"
17580,CLO,"Clovis, NM Micropolitan SA"
17200,CLT,"Claremont-Lebanon, NH-VT Micropolitan SA"
17500,CLW,"Clewiston, FL Micropolitan SA"
15780,CMD,"Camden, AR Micropolitan SA"
15740,CMO,"Cambridge, OH Micropolitan SA"
15820,CMP,"Campbellsville, KY Micropolitan SA"
16660,CMT,"Charleston-Mattoon, IL Micropolitan SA"
15860,CNC,"Canon City, CO Micropolitan SA"
18460,CNE,"Cornelia, GA Micropolitan SA"
18220,CNN,"Connersville, IN Micropolitan SA"
15900,CNT,"Canton, IL Micropolitan SA"
17620,COA,"Coamo, PR Micropolitan SA"
18100,COB,"Columbus, NE Micropolitan SA"
17640,COC,"Coco, PR Micropolitan SA"
17700,COF,"Coffeyville, KS Micropolitan SA"
18060,COM,"Columbus, MS Micropolitan SA"
18180,CON,"Concord, NH Micropolitan SA"
18300,COO,"Coos Bay, OR Micropolitan SA"
18740,COS,"Coshocton, OH Micropolitan SA"
17740,COW,"Coldwater, MI Micropolitan SA"
18780,CRA,"Craig, CO Micropolitan SA"
18860,CRC,"Crescent City, CA Micropolitan SA"
18380,CRD,"Cordele, GA Micropolitan SA"
18500,CRG,"Corning, NY Micropolitan SA"
18420,CRN,"Corinth, MS Micropolitan SA"
18620,CRS,"Corsicana, TX Micropolitan SA"
18660,CRT,"Cortland, NY Micropolitan SA"
18820,CRW,"Crawfordsville, IN Micropolitan SA"
45520,CTD,"The Dalles, OR Micropolitan SA"
18980,CUL,"Cullman, AL Micropolitan SA"
18900,CVT,"Crossville, TN Micropolitan SA"
19000,CWE,"Cullowhee, NC Micropolitan SA"
19220,DAN,"Danville, KY Micropolitan SA"
19420,DAY,"Dayton, TN Micropolitan SA"
19860,DCK,"Dickinson, ND Micropolitan SA"
19580,DEF,"Defiance, OH Micropolitan SA"
19700,DEG,"Deming, NM Micropolitan SA"
19620,DEL,"Del Rio, TX Micropolitan SA"
19540,DET,"Decatur, IN Micropolitan SA"
19940,DIX,"Dixon, IL Micropolitan SA"
19980,DOD,"Dodge City, KS Micropolitan SA"
20060,DOU,"Douglas, GA Micropolitan SA"
19760,DRD,"DeRidder, LA Micropolitan SA"
20340,DUC,"Duncan, OK Micropolitan SA"
20140,DUG,"Dublin, GA Micropolitan SA"
20300,DUM,"Dumas, TX Micropolitan SA"
20380,DUN,"Dunn, NC Micropolitan SA"
20180,DUP,"DuBois, PA Micropolitan SA"
20420,DUR,"Durango, CO Micropolitan SA"
20460,DUT,"Durant, OK Micropolitan SA"
19260,DVL,"Danville, VA Micropolitan SA"
20540,DYE,"Dyersburg, TN Micropolitan SA"
20580,EAG,"Eagle Pass, TX Micropolitan SA"
20660,EAS,"Easton, MD Micropolitan SA"
20900,ECP,"El Campo, TX Micropolitan SA"
20980,EDR,"El Dorado, AR Micropolitan SA"
20780,EDW,"Edwards, CO Micropolitan SA"
20820,EFF,"Effingham, IL Micropolitan SA"
21120,EKC,"Elk City, OK Micropolitan SA"
21180,EKN,"Elkins, WV Micropolitan SA"
21220,EKO,"Elko, NV Micropolitan SA"
21260,ELB,"Ellensburg, WA Micropolitan SA"
21380,EMP,"Emporia, KS Micropolitan SA"
21420,END,"Enid, OK Micropolitan SA"
21460,ENT,"Enterprise, AL Micropolitan SA"
21540,ESC,"Escanaba, MI Micropolitan SA"
21580,ESP,"Espanola, NM Micropolitan SA"
21700,EUR,"Eureka-Arcata-Fortuna, CA Micropolitan SA"
21740,EVA,"Evanston, WY Micropolitan SA"
21020,EZC,"Elizabeth City, NC Micropolitan SA"
22060,FBN,"Faribault-Northfield, MN Micropolitan SA"
23180,FKF,"Frankfort, KY Micropolitan SA"
23240,FKG,"Fredericksburg, TX Micropolitan SA"
21980,FLL,"Fallon, NV Micropolitan SA"
22100,FMG,"Farmington, MO Micropolitan SA"
21900,FMW,"Fairmont, WV Micropolitan SA"
22300,FND,"Findlay, OH Micropolitan SA"
22860,FPK,"Fort Polk South, LA Micropolitan SA"
22580,FRC,"Forest City, NC Micropolitan SA"
21840,FRF,"Fairfield, IA Micropolitan SA"
22260,FRG,"Fergus Falls, MN Micropolitan SA"
23140,FRK,"Frankfort, IN Micropolitan SA"
22280,FRL,"Fernley, NV Micropolitan SA"
23340,FRM,"Fremont, NE Micropolitan SA"
23380,FRO,"Fremont, OH Micropolitan SA"
23300,FRP,"Freeport, IL Micropolitan SA"
22620,FRR,"Forrest City, AR Micropolitan SA"
22820,FRT,"Fort Morgan, CO Micropolitan SA"
22700,FTD,"Fort Dodge, IA Micropolitan SA"
22780,FTL,"Fort Leonard Wood, MO Micropolitan SA"
22340,FTZ,"Fitzgerald, GA Micropolitan SA"
23500,GAF,"Gaffney, SC Micropolitan SA"
24700,GBG,"Greensburg, IN Micropolitan SA"
23820,GDV,"Gardnerville Ranchos, NV Micropolitan SA"
23980,GGW,"Glasgow, KY Micropolitan SA"
23940,GIL,"Gillette, WY Micropolitan SA"
23660,GLB,"Galesburg, IL Micropolitan SA"
23700,GLP,"Gallup, NM Micropolitan SA"
24060,GLS,"Glenwood Springs, CO Micropolitan SA"
24100,GLV,"Gloversville, NY Micropolitan SA"
24640,GNF,"Greenfield Town, MA Micropolitan SA"
24980,GRA,"Grenada, MS Micropolitan SA"
24460,GRB,"Great Bend, KS Micropolitan SA"
23780,GRD,"Garden City, KS Micropolitan SA"
23860,GRG,"Georgetown, SC Micropolitan SA"
24380,GRN,"Grants, NM Micropolitan SA"
23620,GSV,"Gainesville, TX Micropolitan SA"
25100,GUY,"Guymon, OK Micropolitan SA"
24740,GVM,"Greenville, MS Micropolitan SA"
24820,GVO,"Greenville, OH Micropolitan SA"
24620,GVT,"Greeneville, TN Micropolitan SA"
24900,GWM,"Greenwood, MS Micropolitan SA"
24940,GWS,"Greenwood, SC Micropolitan SA"
25200,HAI,"Hailey, ID Micropolitan SA"
25300,HAN,"Hannibal, MO Micropolitan SA"
25700,HAY,"Hays, KS Micropolitan SA"
25720,HEB,"Heber, UT Micropolitan SA"
25740,HEL,"Helena, MT Micropolitan SA"
25780,HEN,"Henderson, NC Micropolitan SA"
25840,HEP,"Hermiston-Pendleton, OR Micropolitan SA"
25820,HER,"Hereford, TX Micropolitan SA"
25900,HIL,"Hilo, HI Micropolitan SA"
25880,HLD,"Hillsdale, MI Micropolitan SA"
26090,HLL,"Holland, MI Micropolitan SA"
26020,HOB,"Hobbs, NM Micropolitan SA"
26220,HOO,"Hood River, OR Micropolitan SA"
25460,HSN,"Harrison, AR Micropolitan SA"
25580,HST,"Hastings, NE Micropolitan SA"
26340,HUG,"Houghton, MI Micropolitan SA"
26540,HUI,"Huntington, IN Micropolitan SA"
26740,HUK,"Hutchinson, KS Micropolitan SA"
26500,HUP,"Huntingdon, PA Micropolitan SA"
26700,HUR,"Huron, SD Micropolitan SA"
26780,HUT,"Hutchinson, MN Micropolitan SA"
26660,HUV,"Huntsville, TX Micropolitan SA"
26460,HUY,"Hudson, NY Micropolitan SA"
27020,IMT,"Iron Mountain, MI-WI Micropolitan SA"
26940,INM,"Indianola, MS Micropolitan SA"
26860,INP,"Indiana, PA Micropolitan SA"
26960,ION,"Ionia, MI Micropolitan SA"
27160,JAN,"Jackson, OH Micropolitan SA"
27580,JAY,"Jayuya, PR Micropolitan SA"
27700,JES,"Jesup, GA Micropolitan SA"
27600,JFS,"Jefferson, GA Micropolitan SA"
27220,JKW,"Jackson, WY-ID Micropolitan SA"
27460,JMD,"Jamestown-Dunkirk-Fredonia, NY Micropolitan SA"
27420,JMT,"Jamestown, ND Micropolitan SA"
27920,JNC,"Junction City, KS Micropolitan SA"
27540,JSP,"Jasper, IN Micropolitan SA"
27940,JUN,"Juneau, AK Micropolitan SA"
27300,JXI,"Jacksonville, IL Micropolitan SA"
27380,JXT,"Jacksonville, TX Micropolitan SA"
28180,KAP,"Kapaa, HI Micropolitan SA"
28260,KAR,"Kearney, NE Micropolitan SA"
28060,KAS,"Kalispell, MT Micropolitan SA"
28620,KDH,"Kill Devil Hills, NC Micropolitan SA"
28300,KEE,"Keene, NH Micropolitan SA"
22800,KEO,"Fort Madison-Keokuk, IA-IL-MO Micropolitan SA"
28500,KER,"Kerrville, TX Micropolitan SA"
28540,KET,"Ketchikan, AK Micropolitan SA"
28780,KGV,"Kingsville, TX Micropolitan SA"
28900,KLA,"Klamath Falls, OR Micropolitan SA"
28340,KND,"Kendallville, IN Micropolitan SA"
28820,KNS,"Kinston, NC Micropolitan SA"
28380,KNT,"Kennett, MO Micropolitan SA"
28860,KRK,"Kirksville, MO Micropolitan SA"
28580,KYW,"Key West, FL Micropolitan SA"
31060,LAL,"Los Alamos, NM Micropolitan SA"
29500,LAM,"Lamesa, TX Micropolitan SA"
29660,LAR,"Laramie, WY Micropolitan SA"
30060,LBM,"Lebanon, MO Micropolitan SA"
30820,LCK,"Lock Haven, PA Micropolitan SA"
29060,LCN,"Laconia, NH Micropolitan SA"
29260,LGD,"La Grande, OR Micropolitan SA"
29300,LGG,"LaGrange, GA Micropolitan SA"
30880,LGN,"Logan, WV Micropolitan SA"
30580,LIB,"Liberal, KS Micropolitan SA"
29380,LKC,"Lake City, FL Micropolitan SA"
30660,LNI,"Lincoln, IL Micropolitan SA"
30940,LON,"London, KY Micropolitan SA"
30900,LPT,"Logansport, IN Micropolitan SA"
29900,LRB,"Laurinburg, NC Micropolitan SA"
29860,LRL,"Laurel, MS Micropolitan SA"
31220,LUD,"Ludington, MI Micropolitan SA"
31260,LUF,"Lufkin, TX Micropolitan SA"
31300,LUM,"Lumberton, NC Micropolitan SA"
29780,LVG,"Las Vegas, NM Micropolitan SA"
30220,LVL,"Levelland, TX Micropolitan SA"
30280,LWB,"Lewisburg, TN Micropolitan SA"
29980,LWR,"Lawrenceburg, TN Micropolitan SA"
30260,LWS,"Lewisburg, PA Micropolitan SA"
30380,LWT,"Lewistown, PA Micropolitan SA"
30420,LXT,"Lexington, NE Micropolitan SA"
31620,MAG,"Magnolia, AR Micropolitan SA"
32280,MAR,"Martin, TN Micropolitan SA"
33620,MBY,"Moberly, MO Micropolitan SA"
32540,MCA,"McAlester, OK Micropolitan SA"
31380,MCB,"Macomb, IL Micropolitan SA"
32620,MCC,"McComb, MS Micropolitan SA"
32700,MCH,"McPherson, KS Micropolitan SA"
32660,MCM,"McMinnville, TN Micropolitan SA"
32380,MCT,"Mason City, IA Micropolitan SA"
33180,MDB,"Middlesborough, KY Micropolitan SA"
31500,MDI,"Madison, IN Micropolitan SA"
31580,MDV,"Madisonville, KY Micropolitan SA"
32740,MEA,"Meadville, PA Micropolitan SA"
32860,MEN,"Menomonie, WI Micropolitan SA"
32940,MER,"Meridian, MS Micropolitan SA"
33020,MEX,"Mexico, MO Micropolitan SA"
34020,MGC,"Morgan City, LA Micropolitan SA"
34260,MHA,"Mountain Home, AR Micropolitan SA"
33980,MHD,"Morehead City, NC Micropolitan SA"
34300,MHI,"Mountain Home, ID Micropolitan SA"
33060,MIA,"Miami, OK Micropolitan SA"
33580,MIT,"Mitchell, SD Micropolitan SA"
33300,MLD,"Milledgeville, GA Micropolitan SA"
34180,MLK,"Moses Lake, WA Micropolitan SA"
32980,MLL,"Merrill, WI Micropolitan SA"
31660,MLO,"Malone, NY Micropolitan SA"
34220,MLT,"Moultrie, GA Micropolitan SA"
33500,MNO,"Minot, ND Micropolitan SA"
31940,MNT,"Marinette, WI-MI Micropolitan SA"
33940,MOT,"Montrose, CO Micropolitan SA"
31930,MRA,"Marietta, OH Micropolitan SA"
31980,MRI,"Marion, IN Micropolitan SA"
32000,MRN,"Marion, NC Micropolitan SA"
32020,MRO,"Marion, OH Micropolitan SA"
32100,MRQ,"Marquette, MI Micropolitan SA"
32340,MRV,"Maryville, MO Micropolitan SA"
34140,MSC,"Moscow, ID Micropolitan SA"
34780,MSK,"Muskogee, OK Micropolitan SA"
32140,MSL,"Marshall, MN Micropolitan SA"
32180,MSM,"Marshall, MO Micropolitan SA"
32220,MST,"Marshall, TX Micropolitan SA"
32260,MSW,"Marshalltown, IA Micropolitan SA"
34340,MTA,"Mount Airy, NC Micropolitan SA"
34380,MTP,"Mount Pleasant, MI Micropolitan SA"
34460,MTS,"Mount Sterling, KY Micropolitan SA"
34420,MTT,"Mount Pleasant, TX Micropolitan SA"
32300,MTV,"Martinsville, VA Micropolitan SA"
31820,MTW,"Manitowoc, WI Micropolitan SA"
34660,MUR,"Murray, KY Micropolitan SA"
34700,MUS,"Muscatine, IA Micropolitan SA"
34500,MVI,"Mount Vernon, IL Micropolitan SA"
31680,MVN,"Malvern, AR Micropolitan SA"
34540,MVO,"Mount Vernon, OH Micropolitan SA"
33420,MWL,"Mineral Wells, TX Micropolitan SA"
32460,MYF,"Mayfield, KY Micropolitan SA"
32500,MYV,"Maysville, KY Micropolitan SA"
35140,NBY,"Newberry, SC Micropolitan SA"
34860,NCD,"Nacogdoches, TX Micropolitan SA"
35060,NCH,"Natchitoches, LA Micropolitan SA"
35220,NCI,"New Castle, IN Micropolitan SA"
35260,NCP,"New Castle, PA Micropolitan SA"
35440,NEW,"Newport, OR Micropolitan SA"
35740,NOF,"Norfolk, NE Micropolitan SA"
35700,NOG,"Nogales, AZ Micropolitan SA"
35420,NPH,"New Philadelphia-Dover, OH Micropolitan SA"
35820,NPT,"North Platte, NE Micropolitan SA"
35020,NTZ,"Natchez, MS-LA Micropolitan SA"
35860,NVR,"North Vernon, IN Micropolitan SA"
35940,NWK,"Norwalk, OH Micropolitan SA"
35900,NWL,"North Wilkesboro, NC Micropolitan SA"
35460,NWP,"Newport, TN Micropolitan SA"
35500,NWT,"Newton, IA Micropolitan SA"
35580,NWU,"New Ulm, MN Micropolitan SA"
36300,OGD,"Ogdensburg-Massena, NY Micropolitan SA"
36020,OHB,"Oak Harbor, WA Micropolitan SA"
36340,OIL,"Oil City, PA Micropolitan SA"
36380,OKB,"Okeechobee, FL Micropolitan SA"
36460,OLN,"Olean, NY Micropolitan SA"
36580,ONE,"Oneonta, NY Micropolitan SA"
36620,ONT,"Ontario, OR-ID Micropolitan SA"
36660,OPL,"Opelousas, LA Micropolitan SA"
36700,ORG,"Orangeburg, SC Micropolitan SA"
36820,OSK,"Oskaloosa, IA Micropolitan SA"
36830,OTH,"Othello, WA Micropolitan SA"
36900,OTM,"Ottumwa, IA Micropolitan SA"
36860,OTT,"Ottawa-Peru, IL Micropolitan SA"
36840,OTW,"Ottawa, KS Micropolitan SA"
37020,OWO,"Owosso, MI Micropolitan SA"
36940,OWT,"Owatonna, MN Micropolitan SA"
37060,OXF,"Oxford, MS Micropolitan SA"
37080,OXR,"Oxford, NC Micropolitan SA"
37120,OZA,"Ozark, AL Micropolitan SA"
37140,PAD,"Paducah, KY-IL Micropolitan SA"
37500,PAG,"Paragould, AR Micropolitan SA"
37220,PAH,"Pahrump, NV Micropolitan SA"
37260,PAK,"Palatka, FL Micropolitan SA"
37300,PAL,"Palestine, TX Micropolitan SA"
37660,PAR,"Parsons, KS Micropolitan SA"
37540,PAT,"Paris, TN Micropolitan SA"
37580,PAX,"Paris, TX Micropolitan SA"
37740,PAY,"Payson, AZ Micropolitan SA"
38840,PCL,"Port Clinton, OH Micropolitan SA"
37780,PCS,"Pecos, TX Micropolitan SA"
38620,PCY,"Ponca City, OK Micropolitan SA"
37940,PER,"Peru, IN Micropolitan SA"
38100,PIC,"Picayune, MS Micropolitan SA"
38180,PIE,"Pierre, SD Micropolitan SA"
38240,PIN,"Pinehurst-Southern Pines, NC Micropolitan SA"
38920,PLA,"Port Lavaca, TX Micropolitan SA"
38460,PLB,"Plattsburgh, NY Micropolitan SA"
38380,PLN,"Plainview, TX Micropolitan SA"
38420,PLV,"Platteville, WI Micropolitan SA"
38500,PLY,"Plymouth, IN Micropolitan SA"
37420,PMP,"Pampa, TX Micropolitan SA"
38740,PPB,"Poplar Bluff, MO Micropolitan SA"
38580,PPL,"Point Pleasant, WV-OH Micropolitan SA"
39260,PRN,"Prineville, OR Micropolitan SA"
38780,PRT,"Portales, NM Micropolitan SA"
39220,PRU,"Price, UT Micropolitan SA"
38820,PTA,"Port Angeles, WA Micropolitan SA"
38260,PTB,"Pittsburg, KS Micropolitan SA"
38700,PTC,"Pontiac, IL Micropolitan SA"
39020,PTM,"Portsmouth, OH Micropolitan SA"
39060,PTV,"Pottsville, PA Micropolitan SA"
39420,PUL,"Pullman, WA Micropolitan SA"
39500,QUN,"Quincy, IL-MO Micropolitan SA"
39700,RAY,"Raymondville, TX Micropolitan SA"
40700,RBG,"Roseburg, OR Micropolitan SA"
40080,RCB,"Richmond-Berea, KY Micropolitan SA"
39980,RCH,"Richmond, IN Micropolitan SA"
40460,RCK,"Rockingham, NC Micropolitan SA"
39780,RDB,"Red Bluff, CA Micropolitan SA"
39860,RDW,"Red Wing, MN Micropolitan SA"
39940,REX,"Rexburg, ID Micropolitan SA"
40100,RIO,"Rio Grande City, TX Micropolitan SA"
40180,RIV,"Riverton, WY Micropolitan SA"
40260,RKR,"Roanoke Rapids, NC Micropolitan SA"
40540,RKS,"Rock Springs, WY Micropolitan SA"
40300,ROC,"Rochelle, IL Micropolitan SA"
40620,ROL,"Rolla, MO Micropolitan SA"
40740,ROS,"Roswell, NM Micropolitan SA"
40820,RST,"Ruston, LA Micropolitan SA"
40860,RTL,"Rutland, VT Micropolitan SA"
40780,RUS,"Russellville, AR Micropolitan SA"
41400,SAE,"Salem, OH Micropolitan SA"
40940,SAF,"Safford, AZ Micropolitan SA"
41820,SAN,"Sanford, NC Micropolitan SA"
42380,SAY,"Sayre, PA Micropolitan SA"
42420,SBL,"Scottsbluff, NE Micropolitan SA"
42460,SBR,"Scottsboro, AL Micropolitan SA"
41780,SDK,"Sandusky, OH Micropolitan SA"
42740,SED,"Sedalia, MO Micropolitan SA"
42820,SEL,"Selma, AL Micropolitan SA"
42860,SEN,"Seneca, SC Micropolitan SA"
42620,SER,"Searcy, AR Micropolitan SA"
42940,SEV,"Sevierville, TN Micropolitan SA"
42980,SEY,"Seymour, IN Micropolitan SA"
43020,SHA,"Shawano, WI Micropolitan SA"
43140,SHL,"Shelby, NC Micropolitan SA"
43320,SHO,"Show Low, AZ Micropolitan SA"
43260,SHR,"Sheridan, WY Micropolitan SA"
43220,SHT,"Shelton, WA Micropolitan SA"
43180,SHV,"Shelbyville, TN Micropolitan SA"
43060,SHW,"Shawnee, OK Micropolitan SA"
43380,SID,"Sidney, OH Micropolitan SA"
43460,SIK,"Sikeston, MO Micropolitan SA"
43500,SIL,"Silver City, NM Micropolitan SA"
42180,SIS,"Santa Isabel, PR Micropolitan SA"
42780,SLG,"Selinsgrove, PA Micropolitan SA"
44740,SLK,"Storm Lake, IA Micropolitan SA"
42300,SLM,"Sault Ste. Marie, MI Micropolitan SA"
41460,SLN,"Salina, KS Micropolitan SA"
44920,SMT,"Summit Park, UT Micropolitan SA"
41760,SND,"Sandpoint, ID Micropolitan SA"
42900,SNF,"Seneca Falls, NY Micropolitan SA"
43660,SNY,"Snyder, TX Micropolitan SA"
43700,SOM,"Somerset, KY Micropolitan SA"
43760,SON,"Sonora, CA Micropolitan SA"
43740,SOS,"Somerset, PA Micropolitan SA"
43940,SPF,"Spearfish, SD Micropolitan SA"
44020,SPL,"Spirit Lake, IA Micropolitan SA"
43980,SPN,"Spencer, IA Micropolitan SA"
44340,STB,"Statesboro, GA Micropolitan SA"
44540,STE,"Sterling, CO Micropolitan SA"
44660,STI,"Stillwater, OK Micropolitan SA"
44260,STK,"Starkville, MS Micropolitan SA"
41220,STM,"St. Marys, GA Micropolitan SA"
44500,STP,"Stephenville, TX Micropolitan SA"
44580,STR,"Sterling, IL Micropolitan SA"
44460,STS,"Steamboat Springs, CO Micropolitan SA"
44780,STU,"Sturgis, MI Micropolitan SA"
44620,STV,"Stevens Point, WI Micropolitan SA"
44860,SUL,"Sulphur Springs, TX Micropolitan SA"
44980,SUN,"Sunbury, PA Micropolitan SA"
45000,SUS,"Susanville, CA Micropolitan SA"
44900,SUV,"Summerville, GA Micropolitan SA"
45020,SWE,"Sweetwater, TX Micropolitan SA"
45140,TAH,"Tahlequah, OK Micropolitan SA"
45340,TAO,"Taos, NM Micropolitan SA"
45380,TAY,"Taylorville, IL Micropolitan SA"
45580,THM,"Thomaston, GA Micropolitan SA"
45660,TIF,"Tiffin, OH Micropolitan SA"
45700,TIN,"Tifton, GA Micropolitan SA"
45180,TLD,"Talladega-Sylacauga, AL Micropolitan SA"
46100,TLM,"Tullahoma-Manchester, TN Micropolitan SA"
45620,TMS,"Thomasville, GA Micropolitan SA"
45740,TOC,"Toccoa, GA Micropolitan SA"
45860,TOR,"Torrington, CT Micropolitan SA"
46020,TRU,"Truckee-Grass Valley, CA Micropolitan SA"
45900,TRV,"Traverse City, MI Micropolitan SA"
45980,TRY,"Troy, AL Micropolitan SA"
46180,TUP,"Tupelo, MS Micropolitan SA"
46300,TWF,"Twin Falls, ID Micropolitan SA"
46380,UKI,"Ukiah, CA Micropolitan SA"
46460,UNC,"Union City, TN-KY Micropolitan SA"
46500,URB,"Urbana, OH Micropolitan SA"
46620,UVA,"Uvalde, TX Micropolitan SA"
46740,VAL,"Valley, AL Micropolitan SA"
46980,VCK,"Vicksburg, MS Micropolitan SA"
46860,VEL,"Vernal, UT Micropolitan SA"
46820,VEM,"Vermillion, SD Micropolitan SA"
46900,VER,"Vernon, TX Micropolitan SA"
47080,VID,"Vidalia, GA Micropolitan SA"
47240,VIH,"Vineyard Haven, MA Micropolitan SA"
47180,VNN,"Vincennes, IN Micropolitan SA"
46780,VNW,"Van Wert, OH Micropolitan SA"
47340,WAB,"Wabash, IN Micropolitan SA"
47420,WAH,"Wahpeton, ND-MN Micropolitan SA"
47540,WAP,"Wapakoneta, OH Micropolitan SA"
47700,WAR,"Warsaw, IN Micropolitan SA"
48100,WAU,"Wauchula, FL Micropolitan SA"
48180,WAY,"Waycross, GA Micropolitan SA"
49260,WDW,"Woodward, OK Micropolitan SA"
25760,WHE,"Helena-West Helena, AR Micropolitan SA"
48580,WHT,"Whitewater-Elkhorn, WI Micropolitan SA"
48980,WIL,"Wilson, NC Micropolitan SA"
48940,WLO,"Wilmington, OH Micropolitan SA"
48820,WLR,"Willmar, MN Micropolitan SA"
48780,WLS,"Williston, ND Micropolitan SA"
49100,WNN,"Winona, MN Micropolitan SA"
49080,WNU,"Winnemucca, NV Micropolitan SA"
49300,WOO,"Wooster, OH Micropolitan SA"
48460,WPL,"West Plains, MO Micropolitan SA"
47660,WRB,"Warrensburg, MO Micropolitan SA"
48220,WRF,"Weatherford, OK Micropolitan SA"
47620,WRN,"Warren, PA Micropolitan SA"
49220,WRS,"Wisconsin Rapids-Marshfield, WI Micropolitan SA"
49380,WRT,"Worthington, MN Micropolitan SA"
47780,WSI,"Washington, IN Micropolitan SA"
47820,WSN,"Washington, NC Micropolitan SA"
47920,WSO,"Washington Court House, OH Micropolitan SA"
48020,WTF,"Watertown-Fort Atkinson, WI Micropolitan SA"
47980,WTT,"Watertown, SD Micropolitan SA"
49460,YAN,"Yankton, SD Micropolitan SA"
49780,ZAN,"Zanesville, OH Micropolitan SA"
49820,ZAP,"Zapata, TX Micropolitan SA"
11244,ANH,"Anaheim-Santa Ana-Irvine, CA Metropolitan Division"
14454,BSN,"Boston, MA Metropolitan Division"
15764,CNF,"Cambridge-Newton-Framingham, MA Metropolitan Division"
15804,CDN,"Camden, NJ Metropolitan Division"
16974,CNJ,"Chicago-Naperville-Arlington Heights, IL Metropolitan Division"
19124,DPI,"Dallas-Plano-Irving, TX Metropolitan Division"
19804,DLD,"Detroit-Dearborn-Livonia, MI Metropolitan Division"
20524,OUT,"Dutchess County-Putnam County, NY Metropolitan Division"
20994,ELG,"Elgin, IL Metropolitan Division"
22744,FPD,"Fort Lauderdale-Pompano Beach-Deerfield Beach, FL MetDiv"
23104,FWR,"Fort Worth-Arlington, TX Metropolitan Division"
23844,GAR,"Gary, IN Metropolitan Division"
29404,LKK,"Lake County-Kenosha County, IL-WI Metropolitan Division"
31084,LLG,"Los Angeles-Long Beach-Glendale, CA Metropolitan Division"
33124,MMK,"Miami-Miami Beach-Kendall, FL Metropolitan Division"
33874,MGM,"Montgomery County-Bucks County-Chester County, PA Metropolitan Division"
35004,NSU,"Nassau County-Suffolk County, NY Metropolitan Division"
35084,NUN,"Newark, NJ-PA Metropolitan Division"
35614,NYJ,"New York-Jersey City-White Plains, NY-NJ Metropolitan Division"
36084,OFH,"Oakland-Hayward-Berkeley, CA Metropolitan Division"
37964,PHI,"Philadelphia, PA Metropolitan Division"
40484,RSC,"Rockingham County-Strafford County, NH Metropolitan Division"
41884,SSR,"San Francisco-Redwood City-South San Francisco, CA Metropolitan Division"
42034,SNR,"San Rafael, CA Metropolitan Division"
42644,SBE,"Seattle-Bellevue-Everett, WA Metropolitan Division"
43524,SSP,"Silver Spring-Frederick-Rockville, MD Metropolitan Division"
45104,TAC,"Tacoma-Lakewood, WA Metropolitan Division"
47664,WTY,"Warren-Troy-Farmington Hills, MI Metropolitan Division"
47894,WAA,"Washington-Arlington-Alexandria, DC-VA-MD-WV Metropolitan Division"
48424,WBB,"West Palm Beach-Boca Raton-Delray Beach, FL Metropolitan Division"
48864,WIM,"Wilmington, DE-MD-NJ Metropolitan Division"
710,AWV,"Augusta-Waterville, ME Combined NECTA"
720,BNS,"Bridgeport-New Haven-Stamford, CT Combined NECTA"
715,BWC,"Boston-Worcester-Providence, MA-RI-NH-CT-ME Combined NECTA"
770,PNA,"Pittsfield-North Adams, MA-VT Combined NECTA"
775,PSS,"Portland-Lewiston-South Portland, ME Combined NECTA"
790,SPA,"Springfield-Hartford-West Hartford, MA-CT Combined NECTA"
71650,BLS,"Boston-Cambridge-Nashua, MA-NH Metropolitan NECTA"
70750,BNG,"Bangor, ME Metropolitan NECTA"
72400,BRL,"Burlington-South Burlington, VT Metropolitan NECTA"
70900,BYT,"Barnstable Town, MA Metropolitan NECTA"
72850,DAU,"Danbury, CT Metropolitan NECTA"
73450,HNB,"Hartford-West Hartford-East Hartford, CT Metropolitan NECTA"
74650,LAU,"Lewiston-Auburn, ME Metropolitan NECTA"
74500,LFG,"Leominster-Gardner, MA Metropolitan NECTA"
74950,MAS,"Manchester, NH Metropolitan NECTA"
75550,NBE,"New Bedford, MA Metropolitan NECTA"
75700,NHA,"New Haven, CT Metropolitan NECTA"
71950,NHR,"Bridgeport-Stamford-Norwalk, CT Metropolitan NECTA"
76450,NNL,"Norwich-New London-Westerly, CT-RI Metropolitan NECTA"
76900,POM,"Portsmouth, NH-ME Metropolitan NECTA"
77200,PPW,"Providence-Warwick, RI-MA Metropolitan NECTA"
76750,PSB,"Portland-South Portland, ME Metropolitan NECTA"
76600,PTT,"Pittsfield, MA Metropolitan NECTA"
78100,SLD,"Springfield, MA-CT Metropolitan NECTA"
78700,WTB,"Waterbury, CT Metropolitan NECTA"
79600,WTR,"Worcester, MA-CT Metropolitan NECTA"
73050,DOV,"Dover-Durham, NH-ME Metropolitan NECTA"
70600,AGT,"Augusta, ME Micropolitan NECTA"
71500,BEI,"Berlin, NH Micropolitan NECTA"
71350,BNN,"Bennington, VT Micropolitan NECTA"
71050,BRR,"Barre, VT Micropolitan NECTA"
72250,BWK,"Brunswick, ME Micropolitan NECTA"
72700,CCD,"Concord, NH Micropolitan NECTA"
73300,GFD,"Greenfield Town, MA Micropolitan NECTA"
73750,KNE,"Keene, NH Micropolitan NECTA"
74350,LBO,"Lebanon, NH-VT Micropolitan NECTA"
73900,LCA,"Laconia, NH Micropolitan NECTA"
76150,NAD,"North Adams, MA-VT Micropolitan NECTA"
77650,RUT,"Rutland, VT Micropolitan NECTA"
77950,SFD,"Sanford, ME Micropolitan NECTA"
78400,TRG,"Torrington, CT Micropolitan NECTA"
78850,WTV,"Waterville, ME Micropolitan NECTA"
70450,AHO,"Athol, MA Micropolitan NECTA"
78500,VYD,"Vineyard Haven, MA Micropolitan NECTA"
72104,BBE,"Brockton-Bridgewater-Easton, MA NECTA Division"
71654,BCQ,"Boston-Cambridge-Newton, MA NECTA Division"
73104,FHM,"Framingham, MA NECTA Division"
73604,HVN,"Haverhill-Newburyport-Amesbury Town, MA-NH NECTA Division"
74804,LBC,"Lowell-Billerica-Chelmsford, MA-NH NECTA Division"
74204,LMS,"Lawrence-Methuen Town-Salem, MA-NH NECTA Division"
76524,LPS,"Peabody-Salem-Beverly, MA NECTA Division"
75404,NAS,"Nashua, NH-MA NECTA Division"
78254,TNR,"Taunton-Middleborough-Norton, MA NECTA Division"
74854,LNS,"Lynn-Saugus-Marblehead, MA NECTA Division"
89120,ABR,"Asheville-Brevard, NC (CSA)"
89108,AMR,"Amarillo-Borger, TX (CSA)"
89118,AON,"Appleton-Oshkosh-Neenah, WI (CSA)"
89106,AQE,"Albuquerque-Santa Fe-Las Vegas, NM (CSA)"
89104,ASA,"Albany-Schenectady, NY (CSA)"
89122,ASG,"Atlanta--Athens-Clarke County--Sandy Springs, GA (CSA)"
89145,BGP,"Bloomington-Pontiac, IL (CSA)"
89144,BGT,"Bloomington-Bedford, IN (CSA)"
89142,BHC,"Birmingham-Hoover-Talladega, AL (CSA)"
89154,BHR,"Brownsville-Harlingen-Raymondville, TX (CSA)"
89146,BMG,"Bloomsburg-Berwick-Sunbury, PA (CSA)"
89160,BNC,"Buffalo-Cheektowaga, NY (CSA)"
89140,BPR,"Bend-Redmond-Prineville, OR (CSA)"
89147,BSE,"Boise City-Mountain Home-Ontario, ID-OR (CSA)"
89150,BWG,"Bowling Green-Glasgow, KY (CSA)"
89148,BWM,"Boston-Worcester-Providence, MA-RI-NH-CT (CSA)"
89184,CAE,"Cleveland-Akron-Canton, OH (CSA)"
89194,CAO,"Columbus-Auburn-Opelika, GA-AL (CSA)"
89174,CCA,"Chattanooga-Cleveland-Dalton, TN-GA-AL (CSA)"
89204,CCK,"Corpus Christi-Kingsville-Alice, TX (CSA)"
89162,CCO,"Cape Coral-Fort Myers-Naples, FL (CSA)"
89168,CDP,"Cedar Rapids-Iowa City, IA (CSA)"
89172,CGS,"Charlotte-Concord, NC-SC (CSA)"
89185,CLL,"Cleveland-Indianola, MS (CSA)"
89190,CLU,"Columbia-Moberly-Mexico, MO (CSA)"
89198,CMC,"Columbus-Marion-Zanesville, OH (CSA)"
89178,CMW,"Cincinnati-Wilmington-Maysville, OH-KY-IN (CSA)"
89176,CNM,"Chicago-Naperville, IL-IN-WI (CSA)"
89192,CNW,"Columbia-Orangeburg-Newberry, SC (CSA)"
89188,CPT,"Clovis-Portales, NM (CSA)"
89164,CSJ,"Cape Girardeau-Sikeston, MO-IL (CSA)"
89170,CST,"Charleston-Huntington-Ashland, WV-OH-KY (CSA)"
89216,DAB,"Denver-Aurora, CO (CSA)"
89222,DEO,"Dothan-Enterprise-Ozark, AL (CSA)"
89217,DER,"DeRidder-Fort Polk South, LA (CSA)"
89206,DFR,"Dallas-Fort Worth, TX-OK (CSA)"
89218,DMN,"Des Moines-Ames-West Des Moines, IA (CSA)"
89212,DSG,"Dayton-Springfield-Sidney, OH (CSA)"
89209,DVN,"Davenport-Moline, IA-IL (CSA)"
89220,DWF,"Detroit-Warren-Ann Arbor, MI (CSA)"
89221,DXN,"Dixon-Sterling, IL (CSA)"
89232,ECM,"Eau Claire-Menomonie, WI (CSA)"
89236,EMR,"Elmira-Corning, NY (CSA)"
89238,EPO,"EI Paso-Las Cruces, TX-NM (CSA)"
89240,ERE,"Erie-Meadville, PA (CSA)"
89233,EWD,"Edwards-Glenwood Springs, CO (CSA)"
89258,FHA,"Fort Wayne-Huntington-Auburn, IN (CSA)"
89260,FMA,"Fresno-Madera, CA (CSA)"
89248,FTF,"Findlay-Tiffin,OH (CSA)"
89244,FWP,"Fargo-Wahpeton, ND-MN (CSA)"
89246,FYT,"Fayetteville-Lumberton-Laurinburg, NC (CSA)"
89273,GAS,"Greenville-Spartanburg-Anderson, SC (CSA)"
89274,GBP,"Greenville-Washington, NC (CSA)"
89267,GEE,"Green Bay-Shawano, WI (CSA)"
89264,GLL,"Gainesville-Lake City, FL (CSA)"
89266,GMH,"Grand Rapids-Wyoming-Muskegon, MI (CSA)"
89268,GWH,"Greensboro--Winston-Salem--High Point, NC (CSA)"
89288,HBH,"Houston-The Woodlands, TX (CSA)"
89280,HCK,"Hickory-Lenoir, NC (CSA)"
89276,HCL,"Harrisburg-York-Lebanon, PA (CSA)"
89284,HOT,"Hot Springs-Malvern, AR (CSA)"
89277,HRS,"Harrisonburg-Staunton-Waynesboro, VA (CSA)"
89290,HUD,"Huntsville-Decatur-Albertville, AL (CSA)"
89278,HWW,"Hartford-West Hartford, CT (CSA)"
89294,IAC,"Indianapolis-Carmel-Muncie, IN (CSA)"
89296,ICR,"Ithaca-Cortland, NY (CSA)"
89292,IFB,"Idaho Falls-Rexburg-Blackfoot, ID (CSA)"
89300,JCK,"Jacksonville-St. Marys-Palatka, FL-GA (CSA)"
89304,JKB,"Johnson City-Kingsport-Bristol, TN-VA (CSA)"
89306,JOH,"Johnstown-Somerset, PA (CSA)"
89308,JON,"Jonesboro-Paragould, AR (CSA)"
89309,JPL,"Joplin-Miami, MO-OK (CSA)"
89298,JYA,"Jackson-Vicksburg-Brookhaven, MS (CSA)"
89310,KMZ,"Kalamazoo-Battle Creek-Portage, MI (CSA)"
89312,KPK,"Kansas City-Overland Park-Kansas City, MO-KS (CSA)"
89316,KPR,"Kokomo-Peru, IN (CSA)"
89314,KSL,"Knoxville-Morristown-Sevierville, TN (CSA)"
89350,LES,"Louisville/Jefferson County--Elizabethtown--Madison, KY-IN (CSA)"
89318,LFC,"Lafayette-Opelousas-Morgan City, LA (CSA)"
89320,LFK,"Lafayette-West Lafayette-Frankfort, IN (CSA)"
89336,LFR,"Lexington-Fayette--Richmond--Frankfort, KY (CSA)"
89352,LLL,"Lubbock-Levelland, TX (CSA)"
89339,LLN,"Lincoln-Beatrice, NE (CSA)"
89330,LLO,"Lansing-East Lansing-Owosso, MI (CSA)"
89348,LLR,"Los Angeles-Long Beach, CA (CSA)"
89346,LMR,"Longview-Marshall, TX (CSA)"
89340,LNP,"Little Rock-North Little Rock, AR (CSA)"
89332,LPP,"Las Vegas-Henderson, NV-AZ (CSA)"
89338,LVW,"Lima-Van Wert-Celina, OH (CSA)"
89359,MAK,"Mankato-New Ulm-North Mankato, MN (CSA)"
89358,MBO,"Manhattan-Junction City, KS (CSA)"
89384,MBT,"Monroe-Ruston-Bastrop, LA (CSA)"
89396,MCG,"Myrtle Beach-Conway, SC-NC (CSA)"
89365,MCN,"McAllen-Edinburg, TX (CSA)"
89380,MDF,"Mobile-Daphne-Fairhope, AL (CSA)"
89357,MDJ,"Madison-Janesville-Beloit, WI (CSA)"
89382,MDM,"Modesto-Merced, CA (CSA)"
89372,MDO,"Midland-Odessa, TX (CSA)"
89366,MFR,"Medford-Grants Pass, OR (CSA)"
89390,MGA,"Morgantown-Fairmont, WV (CSA)"
89370,MMI,"Miami-Fort Lauderdale-Port st. Lucie, FL (CSA)"
89360,MNB,"Mansfield-Ashland-Bucyrus, OH (CSA)"
89393,MOS,"Moses Lake-Othello, WA (CSA)"
89394,MPL,"Mount Pleasant-Alma, MI (CSA)"
89368,MPS,"Memphis-Forrest City, TN-MS-AR (CSA)"
89378,MSS,"Minneapolis-St. Paul, MN-WI (CSA)"
89362,MTI,"Martin-Union City, TN-KY (CSA)"
89376,MWA,"Milwaukee-Racine-Waukesha, WI (CSA)"
89356,MWF,"Macon-Warner Robins, GA (CSA)"
89364,MYS,"Mayaguez-San German, PR (CSA)"
89400,NDM,"Nashville-Davidson--Murfreesboro, TN (CSA)"
89404,NEB,"New Bern-Morehead City, NC (CSA)"
89406,NMB,"New Orleans-Metairie-Hammond, LA-MS (CSA)"
89408,NNB,"New York-Newark, NY-NJ-CT-PA (CSA)"
89412,NPS,"North Port-Sarasota, FL (CSA)"
89420,OCF,"Omaha-Council Bluffs-Fremont, NE-IA (CSA)"
89416,OCS,"Oklahoma City-Shawnee, OK (CSA)"
89422,OTV,"Orlando-Deltona-Daytona Beach, FL (CSA)"
89444,PBO,"Pueblo-Canon City, CO (CSA)"
89428,PCV,"Philadelphia-Reading-Camden, PA-NJ-DE-MD (CSA)"
89426,PEC,"Peoria-Canton, IL (CSA)"
89440,PLD,"Portland-Vancouver-Salem, OR-WA (CSA)"
89446,PLM,"Pullman-Moscow, WA-ID (CSA)"
89438,PLS,"Portland-Lewiston-South Portland, ME (CSA)"
89424,PMY,"Paducah-Mayfield, KY-IL (CSA)"
89430,PNC,"Pittsburgh-New Castle-Weirton, PA-OH-WV (CSA)"
89434,POY,"Ponce-Coamo-Santa Isabel, PR (CSA)"
89425,PRK,"Parkersburg-Marietta-Vienna, WV-OH (CSA)"
89448,QUI,"Quincy-Hannibal, IL-MO (CSA)"
89464,RBS,"Rochester-Batavia-Seneca Falls, NY (CSA)"
89466,RFR,"Rockford-Freeport-Rochelle, IL (CSA)"
89454,RGR,"Redding-Red Bluff, CA (CSA)"
89462,RHS,"Rochester-Austin, MN (CSA)"
89468,RKY,"Rocky Mount-Wilson-Roanoke Rapids, NC (CSA)"
89458,RMD,"Richmond-Connersville, IN (CSA)"
89456,RNO,"Reno-Carson City-Fernley, NV (CSA)"
89470,ROM,"Rome-Summerville, GA (CSA)"
89452,RPD,"Rapid City-Spearfish, SD (CSA)"
89450,RUC,"Raleigh-Durham-Chapel Hill, NC (CSA)"
89472,SAA,"Sacramento-Roseville, CA (CSA)"
89532,SAB,"Syracuse-Auburn, NY (CSA)"
89525,SBO,"Steamboat Springs-Craig, CO (CSA)"
89474,SBS,"Saginaw-Midland-Bay City, MI (CSA)"
89524,SCO,"State College-DuBois, PA (CSA)"
89515,SEM,"South Bend-Elkhart-Mishawaka, IN-MI (CSA)"
89520,SFB,"Springfield-Branson, MO (CSA)"
89521,SFG,"Springfield-Greenfield Town, MA (CSA)"
89522,SFJ,"Springfield-Jacksonville-Lincoln, IL (CSA)"
89496,SHF,"Savannah-Hinesville-Statesboro, GA (CSA)"
89490,SJF,"San Juan-Carolina, PR (CSA)"
89518,SKN,"Spokane-Spokane Valley-Coeur d'Alene, WA-ID (CSA)"
89482,SOC,"Salt Lake City-Provo-Orem, UT (CSA)"
89476,SSF,"St. Louis-St. Charles-Farmington, MO-IL (CSA)"
89488,SSO,"San Jose-San Francisco-Oakland, CA (CSA)"
89500,STA,"Seattle-Tacoma, WA (CSA)"
89512,SVR,"Sioux City-Vermillion, IA-SD-NE (CSA)"
89538,TBT,"Tulsa-Muskogee-Bartlesville, OK (CSA)"
89536,TCS,"Tucson-Nogales, AZ (CSA)"
89534,TFR,"Toledo-Port Clinton, OH (CSA)"
89540,TJK,"Tyler-Jacksonville, TX (CSA)"
89533,TLH,"Tallahassee-Bainbridge, FL-GA (CSA)"
89545,VBH,"Virginia Beach-Norfolk, VA-NC (CSA)"
89546,VIS,"Visalia-Porterville-Hanford, CA (CSA)"
89544,VRA,"Victoria-Port Lavaca, TX (CSA)"
89548,WBN,"Washington-Baltimore-Arlington, DC-MD-VA-WV-PA (CSA)"
89558,WLH,"Williamsport-Lock Haven, PA (CSA)"
89554,WMR,"Wausau-Stevens Point-Wisconsin Rapids, WI (CSA)"
89556,WWF,"Wichita-Arkansas City-Winfield, KS (CSA)"
89566,YWE,"Youngstown-Warren, OH-PA (CSA)"